date,key_rate,rusfar,usd_rub,cny_rub,eur_rub,chf_rub,rgbi,is_forecast
2016-07-23,10.5,7.5,63.7373,9.5454,70.3022,64.4984,132.046667,False
2016-07-24,10.5,7.5,63.7373,9.5454,70.3022,64.4984,132.073333,False
2016-07-25,10.5,7.5,63.7373,9.54537,70.3022,64.4984,132.1,False
2016-07-26,10.5,7.5,64.9184,9.7192,71.209,65.8068,131.9,False
2016-07-27,10.5,7.5,65.7408,9.84674,72.3478,66.7352,132.05,False
2016-07-28,10.5,7.5,65.9467,9.88795,72.515,66.3782,132.23,False
2016-07-29,10.5,7.5,66.1125,9.93113,73.4047,67.249,132.51,False
2016-07-30,10.5,7.5,66.1125,9.9311,73.4047,67.249,132.566667,False
2016-07-31,10.5,7.5,66.1125,9.9311,73.4047,67.249,132.623333,False
2016-08-01,10.5,7.5,66.1125,9.93113,73.4047,67.249,132.68,False
2016-08-02,10.5,7.5,65.9553,9.93422,73.6523,68.1075,132.52,False
2016-08-03,10.5,7.5,66.8816,10.0737,74.9007,69.2213,132.33,False
2016-08-04,10.5,7.5,66.742,10.0656,74.7978,68.9768,132.47,False
2016-08-05,10.5,7.5,66.3941,10.0009,73.9232,68.2155,132.96,False
2016-08-06,10.5,7.5,66.3941,10.0009,73.9232,68.2155,132.98,False
2016-08-07,10.5,7.5,66.3941,10.0009,73.9232,68.2155,133.0,False
2016-08-08,10.5,7.5,66.3941,10.0009,73.9232,68.2155,133.02,False
2016-08-09,10.5,7.5,65.0799,9.76838,72.1476,66.3539,133.2,False
2016-08-10,10.5,7.5,64.7848,9.72467,71.7556,65.8449,133.42,False
2016-08-11,10.5,7.5,64.8137,9.75669,72.2349,66.2243,133.34,False
2016-08-12,10.5,7.5,64.9497,9.78011,72.4644,66.5264,133.26,False
2016-08-13,10.5,7.5,64.9497,9.7801,72.4644,66.5264,133.256667,False
2016-08-14,10.5,7.5,64.9497,9.7801,72.4644,66.5264,133.253333,False
2016-08-15,10.5,7.5,64.9497,9.78011,72.4644,66.5264,133.25,False
2016-08-16,10.5,7.5,64.2076,9.66851,71.7263,65.908,133.29,False
2016-08-17,10.5,7.5,63.9514,9.65013,71.9645,66.3052,133.12,False
2016-08-18,10.5,7.5,63.9943,9.65107,72.0832,66.536,133.27,False
2016-08-19,10.5,7.5,63.5487,9.58083,71.9371,66.3209,133.54,False
2016-08-20,10.5,7.5,63.5487,9.5808,71.9371,66.3209,133.426667,False
2016-08-21,10.5,7.5,63.5487,9.5808,71.9371,66.3209,133.313333,False
2016-08-22,10.5,7.5,63.5487,9.58083,71.9371,66.3209,133.2,False
2016-08-23,10.5,7.5,64.2078,9.64487,72.4457,66.5918,133.34,False
2016-08-24,10.5,7.5,64.7684,9.7509,73.4733,67.4952,133.29,False
2016-08-25,10.5,7.5,64.814,9.74441,73.2074,67.2693,133.45,False
2016-08-26,10.5,7.5,64.9459,9.76072,73.2135,67.2945,133.57,False
2016-08-27,10.5,7.5,64.9459,9.7607,73.2135,67.2945,133.573333,False
2016-08-28,10.5,7.5,64.9459,9.7607,73.2135,67.2945,133.576667,False
2016-08-29,10.5,7.5,64.9459,9.76072,73.2135,67.2945,133.58,False
2016-08-30,10.5,7.5,65.081,9.74369,72.7996,66.5654,133.7,False
2016-08-31,10.5,7.5,64.9072,9.71694,72.5013,66.2386,133.91,False
2016-09-01,10.5,7.5,65.2535,9.77127,72.6859,66.3482,134.08,False
2016-09-02,10.5,7.5,65.2566,9.7691,72.6828,66.1027,134.33,False
2016-09-03,10.5,7.5,65.2566,9.7691,72.6828,66.1027,134.413333,False
2016-09-04,10.5,7.5,65.2566,9.7691,72.6828,66.1027,134.496667,False
2016-09-05,10.5,7.5,65.2566,9.7691,72.6828,66.1027,134.58,False
2016-09-06,10.5,7.5,64.7644,9.70239,72.3742,66.2484,134.7,False
2016-09-07,10.5,7.5,64.8306,9.70474,72.3639,66.1739,135.2,False
2016-09-08,10.5,7.5,64.3804,9.66034,72.4022,66.4058,135.58,False
2016-09-09,10.5,7.5,63.973,9.60022,72.0464,66.0332,135.26,False
2016-09-10,10.5,7.5,63.973,9.6002,72.0464,66.0332,135.14,False
2016-09-11,10.5,7.5,63.973,9.6002,72.0464,66.0332,135.02,False
2016-09-12,10.5,7.5,63.973,9.60022,72.0464,66.0332,134.9,False
2016-09-13,10.5,7.5,65.0539,9.7389,73.1986,66.7905,134.98,False
2016-09-14,10.5,7.5,64.8102,9.70198,72.7559,66.6018,134.88,False
2016-09-15,10.5,7.5,64.9737,9.73972,72.946,66.4081,134.99,False
2016-09-16,10.5,7.5,65.217,9.77268,73.2126,66.8412,134.54,False
2016-09-17,10.5,7.5,65.217,9.7727,73.2126,66.8412,134.406667,False
2016-09-18,10.5,7.5,65.217,9.7727,73.2126,66.8412,134.273333,False
2016-09-19,10.0,7.5,65.217,9.77268,73.2126,66.8412,134.14,False
2016-09-20,10.0,7.5,64.9173,9.73156,72.4477,66.2421,133.68,False
2016-09-21,10.0,7.5,64.7513,9.70595,72.5279,66.2824,134.38,False
2016-09-22,10.0,7.5,64.4424,9.65965,71.8404,65.973,134.85,False
2016-09-23,10.0,7.5,63.7942,9.56521,71.6728,65.8147,134.56,False
2016-09-24,10.0,7.5,63.7942,9.5652,71.6728,65.8147,134.49,False
2016-09-25,10.0,7.5,63.7942,9.5652,71.6728,65.8147,134.42,False
2016-09-26,10.0,7.5,63.7942,9.56521,71.6728,65.8147,134.35,False
2016-09-27,10.0,7.5,64.1506,9.61793,72.0604,66.2507,134.31,False
2016-09-28,10.0,7.5,63.6921,9.55133,71.6409,65.7433,134.26,False
2016-09-29,10.0,7.5,63.9509,9.58583,71.5738,65.8202,134.66,False
2016-09-30,10.0,7.5,63.1581,9.46983,70.8823,65.0444,134.56,False
2016-10-01,10.0,7.5,63.1581,9.4698,70.8823,65.0444,134.73,False
2016-10-02,10.0,7.5,63.1581,9.4698,70.8823,65.0444,134.9,False
2016-10-03,10.0,7.5,63.1581,9.46983,70.8823,65.0444,135.07,False
2016-10-04,10.0,7.5,62.5477,9.37522,70.2411,64.3892,134.95,False
2016-10-05,10.0,7.5,62.4323,9.35792,69.7556,63.8171,134.74,False
2016-10-06,10.0,7.5,62.4583,9.36182,70.0782,63.9352,134.41,False
2016-10-07,10.0,7.5,62.39,9.35158,69.8518,63.9307,134.18,False
2016-10-08,10.0,7.5,62.39,9.3516,69.8518,63.9307,134.123333,False
2016-10-09,10.0,7.5,62.39,9.3516,69.8518,63.9307,134.066667,False
2016-10-10,10.0,7.5,62.39,9.35158,69.8518,63.9307,134.01,False
2016-10-11,10.0,7.5,62.3884,9.30809,69.7253,63.7397,133.84,False
2016-10-12,10.0,7.5,62.1946,9.26218,69.1231,63.0905,133.7,False
2016-10-13,10.0,7.5,62.5892,9.32247,69.1173,63.247,133.37,False
2016-10-14,10.0,7.5,63.3465,9.41339,69.7255,63.9993,133.55,False
2016-10-15,10.0,7.5,63.3465,9.4134,69.7255,63.9993,133.396667,False
2016-10-16,10.0,7.5,63.3465,9.4134,69.7255,63.9993,133.243333,False
2016-10-17,10.0,7.5,63.3465,9.41339,69.7255,63.9993,133.09,False
2016-10-18,10.0,7.5,63.151,9.37014,69.3587,63.8534,132.88,False
2016-10-19,10.0,7.5,62.89,9.33197,69.2608,63.6216,133.39,False
2016-10-20,10.0,7.5,62.5841,9.28671,68.7674,63.2674,133.47,False
2016-10-21,10.0,7.5,62.4194,9.26186,68.4741,63.1137,133.67,False
2016-10-22,10.0,7.5,62.4194,9.2619,68.4741,63.1137,133.683333,False
2016-10-23,10.0,7.5,62.4194,9.2619,68.4741,63.1137,133.696667,False
2016-10-24,10.0,7.5,62.4194,9.26186,68.4741,63.1137,133.71,False
2016-10-25,10.0,7.5,62.2349,9.19017,67.7302,62.6169,133.56,False
2016-10-26,10.0,7.5,62.048,9.15486,67.4958,62.4351,133.41,False
2016-10-27,10.0,7.5,62.2597,9.19791,67.9253,62.7555,133.15,False
2016-10-28,10.0,7.5,63.0399,9.30094,68.7576,63.4843,132.83,False
2016-10-29,10.0,7.5,63.0399,9.3009,68.7576,63.4843,132.81,False
2016-10-30,10.0,7.5,63.0399,9.3009,68.7576,63.4843,132.79,False
2016-10-31,10.0,7.5,63.0399,9.30094,68.7576,63.4843,132.77,False
2016-11-01,10.0,7.5,63.2174,9.33705,69.2863,63.9335,132.76,False
2016-11-02,10.0,7.5,63.2025,9.3292,69.3647,63.9637,132.47,False
2016-11-03,10.0,7.5,63.4166,9.37977,70.2339,65.3106,132.53,False
2016-11-04,10.0,7.5,63.5043,9.39288,70.5977,65.3269,132.53,False
2016-11-05,10.0,7.5,63.5043,9.3929,70.5977,65.3269,132.696667,False
2016-11-06,10.0,7.5,63.5043,9.3929,70.5977,65.3269,132.863333,False
2016-11-07,10.0,7.5,63.5043,9.39288,70.5977,65.3269,133.03,False
2016-11-08,10.0,7.5,63.9074,9.43199,70.6944,65.3584,133.3,False
2016-11-09,10.0,7.5,63.7364,9.40079,70.4542,65.4176,133.16,False
2016-11-10,10.0,7.5,63.8928,9.43401,71.3491,65.6658,132.77,False
2016-11-11,10.0,7.5,63.4161,9.33647,69.3392,64.3818,131.72,False
2016-11-12,10.0,7.5,63.4161,9.3365,69.3392,64.3818,131.64,False
2016-11-13,10.0,7.5,63.4161,9.3365,69.3392,64.3818,131.56,False
2016-11-14,10.0,7.5,63.4161,9.33647,69.3392,64.3818,131.48,False
2016-11-15,10.0,7.5,65.8591,9.62768,71.0488,66.1967,131.99,False
2016-11-16,10.0,7.5,65.5548,9.56711,70.6156,65.924,131.79,False
2016-11-17,10.0,7.5,64.5463,9.39539,69.2388,64.3918,132.04,False
2016-11-18,10.0,7.5,64.9154,9.44884,69.4984,64.8505,132.01,False
2016-11-19,10.0,7.5,64.9154,9.4488,69.4984,64.8505,132.103333,False
2016-11-20,10.0,7.5,64.9154,9.4488,69.4984,64.8505,132.196667,False
2016-11-21,10.0,7.5,64.9154,9.44884,69.4984,64.8505,132.29,False
2016-11-22,10.0,7.5,64.358,9.33347,68.3611,63.8536,132.37,False
2016-11-23,10.0,7.5,63.6282,9.23728,67.5413,63.0294,132.04,False
2016-11-24,10.0,7.5,64.0087,9.28658,68.054,63.2497,132.09,False
2016-11-25,10.0,7.5,64.6279,9.34145,68.0855,63.5101,131.81,False
2016-11-26,10.0,7.5,64.6279,9.3415,68.0855,63.5101,131.823333,False
2016-11-27,10.0,7.5,64.6279,9.3415,68.0855,63.5101,131.836667,False
2016-11-28,10.0,7.5,64.6279,9.34145,68.0855,63.5101,131.85,False
2016-11-29,10.0,7.5,64.9153,9.40502,69.1608,64.3682,131.8,False
2016-11-30,10.0,7.5,64.9449,9.42419,68.8416,64.0293,131.74,False
2016-12-01,10.0,7.5,65.2382,9.47321,69.3417,64.2804,132.08,False
2016-12-02,10.0,7.5,63.6807,9.23618,67.6162,62.6902,132.14,False
2016-12-03,10.0,7.5,63.6807,9.2362,67.6162,62.6902,132.18,False
2016-12-04,10.0,7.5,63.6807,9.2362,67.6162,62.6902,132.22,False
2016-12-05,10.0,7.5,63.6807,9.23618,67.6162,62.6902,132.26,False
2016-12-06,10.0,7.5,63.9242,9.28362,67.766,63.1163,132.48,False
2016-12-07,10.0,7.5,63.8741,9.28902,68.6902,63.5121,132.91,False
2016-12-08,10.0,7.5,63.9114,9.28297,68.5002,63.3162,133.19,False
2016-12-09,10.0,7.5,63.3901,9.21421,68.2458,62.962,133.47,False
2016-12-10,10.0,7.5,63.3901,9.2142,68.2458,62.962,133.626667,False
2016-12-11,10.0,7.5,63.3901,9.2142,68.2458,62.962,133.783333,False
2016-12-12,10.0,7.5,63.3901,9.21421,68.2458,62.962,133.94,False
2016-12-13,10.0,7.5,61.5804,8.90521,65.072,60.4975,133.95,False
2016-12-14,10.0,7.5,61.069,8.84853,64.9774,60.2021,134.21,False
2016-12-15,10.0,7.5,60.8079,8.8061,64.7543,60.0869,133.92,False
2016-12-16,10.0,7.5,61.6368,8.88702,64.6139,60.1687,134.03,False
2016-12-17,10.0,7.5,61.6368,8.887,64.6139,60.1687,134.02,False
2016-12-18,10.0,7.5,61.6368,8.887,64.6139,60.1687,134.01,False
2016-12-19,10.0,7.5,61.6368,8.88702,64.6139,60.1687,134.0,False
2016-12-20,10.0,7.5,61.7931,8.89737,64.6727,60.2566,134.01,False
2016-12-21,10.0,7.5,61.7967,8.89072,64.2006,60.0726,133.94,False
2016-12-22,10.0,7.5,61.1092,8.79092,63.6086,59.4505,134.04,False
2016-12-23,10.0,7.5,60.8641,8.76158,63.5604,59.368,134.22,False
2016-12-24,10.0,7.5,60.8641,8.7616,63.5604,59.368,134.176667,False
2016-12-25,10.0,7.5,60.8641,8.7616,63.5604,59.368,134.133333,False
2016-12-26,10.0,7.5,60.8641,8.76158,63.5604,59.368,134.09,False
2016-12-27,10.0,7.5,60.9084,8.7643,63.7285,59.3591,134.25,False
2016-12-28,10.0,7.5,60.8587,8.75703,63.573,59.178,134.36,False
2016-12-29,10.0,7.5,60.6669,8.72315,63.4879,58.9973,134.74,False
2016-12-30,10.0,7.5,60.273,8.66689,63.0214,58.7743,134.72,False
2016-12-31,10.0,7.5,60.273,8.6669,63.0214,58.7743,134.72,False
2017-01-01,10.0,7.5,60.273,8.6669,63.0214,58.7743,134.72,False
2017-01-02,10.0,7.5,60.273,8.66689,63.0214,58.7743,134.72,False
2017-01-03,10.0,7.5,60.273,8.66689,63.0214,58.7743,134.89,False
2017-01-04,10.0,7.5,60.273,8.66689,63.0214,58.7743,135.31,False
2017-01-05,10.0,7.5,60.2102,8.66689,63.0366,58.7954,135.33,False
2017-01-06,10.0,7.5,60.1474,8.66689,63.0518,58.8164,135.47,False
2017-01-07,10.0,7.5,60.0846,8.6669,63.0669,58.8375,135.52,False
2017-01-08,10.0,7.5,60.0217,8.6669,63.0821,58.8586,135.57,False
2017-01-09,10.0,7.5,59.9589,8.66689,63.0973,58.8796,135.62,False
2017-01-10,10.0,7.5,59.8961,8.63716,63.1125,58.9007,135.99,False
2017-01-11,10.0,7.5,59.9533,8.65939,63.5445,59.1898,136.05,False
2017-01-12,10.0,7.5,60.1614,8.68556,63.5184,59.2081,136.41,False
2017-01-13,10.0,7.5,59.4978,8.6215,63.2759,58.9905,136.51,False
2017-01-14,10.0,7.5,59.4978,8.6215,63.2759,58.9905,136.463333,False
2017-01-15,10.0,7.5,59.4978,8.6215,63.2759,58.9905,136.416667,False
2017-01-16,10.0,7.5,59.4978,8.6215,63.2759,58.9905,136.37,False
2017-01-17,10.0,7.5,59.6067,8.64153,63.2308,58.9115,136.54,False
2017-01-18,10.0,7.5,59.4015,8.64386,63.2864,59.0355,136.42,False
2017-01-19,10.0,7.5,59.183,8.66249,63.2252,59.0531,136.18,False
2017-01-20,10.0,7.5,59.3521,8.63178,63.1803,58.9688,136.28,False
2017-01-21,10.0,7.5,59.3521,8.6318,63.1803,58.9688,136.27,False
2017-01-22,10.0,7.5,59.3521,8.6318,63.1803,58.9688,136.26,False
2017-01-23,10.0,7.5,59.3521,8.63178,63.1803,58.9688,136.25,False
2017-01-24,10.0,7.5,59.5034,8.67827,63.9424,59.4975,136.09,False
2017-01-25,10.0,7.5,59.2168,8.63483,63.6225,59.2939,135.68,False
2017-01-26,10.0,7.5,59.1489,8.5976,63.4254,59.1252,135.0,False
2017-01-27,10.0,7.5,59.6356,8.66897,64.0248,59.7671,135.49,False
2017-01-28,10.0,7.5,59.6356,8.669,64.0248,59.7671,135.553333,False
2017-01-29,10.0,7.5,59.6356,8.669,64.0248,59.7671,135.616667,False
2017-01-30,10.0,7.5,59.6356,8.66897,64.0248,59.7671,135.68,False
2017-01-31,10.0,7.5,60.1618,8.74229,64.4333,60.222,135.69,False
2017-02-01,10.0,7.5,60.0851,8.73114,64.285,60.4356,135.82,False
2017-02-02,10.0,7.5,60.3099,8.76381,65.0322,60.9191,136.07,False
2017-02-03,10.0,7.5,59.9858,8.71671,64.7307,60.5611,136.0,False
2017-02-04,10.0,7.5,59.9858,8.7167,64.7307,60.5611,135.98,False
2017-02-05,10.0,7.5,59.9858,8.7167,64.7307,60.5611,135.96,False
2017-02-06,10.0,7.5,59.9858,8.71671,64.7307,60.5611,135.94,False
2017-02-07,10.0,7.5,58.7121,8.55363,63.1566,59.0249,135.68,False
2017-02-08,10.0,7.5,59.1933,8.60393,63.2362,59.2288,135.64,False
2017-02-09,10.0,7.5,59.5129,8.65089,63.4467,59.5605,135.73,False
2017-02-10,10.0,7.5,59.0235,8.59499,63.0253,59.2784,135.87,False
2017-02-11,10.0,7.5,59.0235,8.595,63.0253,59.2784,135.903333,False
2017-02-12,10.0,7.5,59.0235,8.595,63.0253,59.2784,135.936667,False
2017-02-13,10.0,7.5,59.0235,8.59499,63.0253,59.2784,135.97,False
2017-02-14,10.0,7.5,58.0619,8.44107,61.7662,57.9056,135.94,False
2017-02-15,10.0,7.5,57.7388,8.40877,61.2955,57.4859,135.61,False
2017-02-16,10.0,7.5,56.7719,8.26639,60.0249,56.2934,135.36,False
2017-02-17,10.0,7.5,57.1507,8.33222,60.654,56.9741,134.95,False
2017-02-18,10.0,7.5,57.1507,8.3322,60.654,56.9741,134.98,False
2017-02-19,10.0,7.5,57.1507,8.3322,60.654,56.9741,135.01,False
2017-02-20,10.0,7.5,57.1507,8.33222,60.654,56.9741,135.04,False
2017-02-21,10.0,7.5,58.0967,8.44601,61.6987,57.946,135.1,False
2017-02-22,10.0,7.5,57.859,8.4062,61.209,57.4625,134.95,False
2017-02-23,10.0,7.5,57.4762,8.35629,60.4535,56.7498,134.95,False
2017-02-24,10.0,7.5,57.4762,8.35629,60.4535,56.7498,135.09,False
2017-02-25,10.0,7.5,57.4762,8.3563,60.4535,56.7498,135.033333,False
2017-02-26,10.0,7.5,57.4762,8.3563,60.4535,56.7498,134.976667,False
2017-02-27,10.0,7.5,57.4762,8.35629,60.4535,56.7498,134.92,False
2017-02-28,10.0,7.5,57.9371,8.43175,61.2569,57.5115,134.71,False
2017-03-01,10.0,7.5,57.9627,8.43879,61.3883,57.5312,134.8,False
2017-03-02,10.0,7.5,58.3776,8.48573,61.5417,57.7653,134.52,False
2017-03-03,10.0,7.5,58.4067,8.48676,61.5198,57.7998,134.75,False
2017-03-04,10.0,7.5,58.4067,8.4868,61.5198,57.7998,134.843333,False
2017-03-05,10.0,7.5,58.4067,8.4868,61.5198,57.7998,134.936667,False
2017-03-06,10.0,7.5,58.4067,8.48676,61.5198,57.7998,135.03,False
2017-03-07,10.0,7.5,58.337,8.46384,61.8606,57.8797,135.16,False
2017-03-08,10.0,7.5,58.263,8.44575,61.7063,57.5778,135.16,False
2017-03-09,10.0,7.5,58.263,8.44575,61.7063,57.5778,135.0,False
2017-03-10,10.0,7.5,58.8318,8.51475,61.9911,57.9681,135.33,False
2017-03-11,10.0,7.5,58.8318,8.5147,61.9911,57.9681,135.38,False
2017-03-12,10.0,7.5,58.8318,8.5147,61.9911,57.9681,135.43,False
2017-03-13,10.0,7.5,58.8318,8.51475,61.9911,57.9681,135.48,False
2017-03-14,10.0,7.5,59.1327,8.55842,63.2661,58.472,135.56,False
2017-03-15,10.0,7.5,58.954,8.52774,62.7447,58.4513,135.86,False
2017-03-16,10.0,7.5,59.1128,8.55294,62.8428,58.6146,136.22,False
2017-03-17,10.0,7.5,58.2437,8.44442,62.4897,58.2262,136.32,False
2017-03-18,10.0,7.5,58.2437,8.4444,62.4897,58.2262,136.376667,False
2017-03-19,10.0,7.5,58.2437,8.4444,62.4897,58.2262,136.433333,False
2017-03-20,10.0,7.5,58.2437,8.44442,62.4897,58.2262,136.49,False
2017-03-21,10.0,7.5,57.2847,8.2972,61.6956,57.4168,136.5,False
2017-03-22,10.0,7.5,57.2323,8.2979,61.7308,57.4391,136.21,False
2017-03-23,10.0,7.5,57.636,8.3693,62.2699,58.0598,136.32,False
2017-03-24,10.0,7.5,57.5228,8.3525,62.0959,57.8991,136.51,False
2017-03-25,10.0,7.5,57.5228,8.3525,62.0959,57.8991,136.513333,False
2017-03-26,10.0,7.5,57.5228,8.3525,62.0959,57.8991,136.516667,False
2017-03-27,9.75,7.5,57.5228,8.3525,62.0959,57.8991,136.52,False
2017-03-28,9.75,7.5,57.0233,8.29249,61.9615,57.8976,136.53,False
2017-03-29,9.75,7.5,56.9364,8.26891,61.8102,57.7331,136.49,False
2017-03-30,9.75,7.5,57.0241,8.276,61.5347,57.4203,136.84,False
2017-03-31,9.75,7.5,56.3779,8.18233,60.595,56.5759,136.77,False
2017-04-01,9.75,7.5,56.3779,8.1823,60.595,56.5759,136.746667,False
2017-04-02,9.75,7.5,56.3779,8.1823,60.595,56.5759,136.723333,False
2017-04-03,9.75,7.5,56.3779,8.18233,60.595,56.5759,136.7,False
2017-04-04,9.75,7.5,56.1396,8.15141,59.8953,56.0555,136.58,False
2017-04-05,9.75,7.5,56.5553,8.21177,60.2427,56.4255,136.94,False
2017-04-06,9.75,7.5,55.894,8.10504,59.6948,55.7769,137.06,False
2017-04-07,9.75,7.5,56.4369,8.17879,60.0827,56.1226,136.84,False
2017-04-08,9.75,7.5,56.4369,8.1788,60.0827,56.1226,136.703333,False
2017-04-09,9.75,7.5,56.4369,8.1788,60.0827,56.1226,136.566667,False
2017-04-10,9.75,7.5,56.4369,8.17879,60.0827,56.1226,136.43,False
2017-04-11,9.75,7.5,57.3896,8.31071,60.7469,56.827,136.4,False
2017-04-12,9.75,7.5,56.9552,8.25091,60.3042,56.5312,136.16,False
2017-04-13,9.75,7.5,56.7556,8.23452,60.2631,56.3947,136.3,False
2017-04-14,9.75,7.5,56.6019,8.22367,60.2867,56.4157,136.53,False
2017-04-15,9.75,7.5,56.6019,8.2237,60.2867,56.4157,136.553333,False
2017-04-16,9.75,7.5,56.6019,8.2237,60.2867,56.4157,136.576667,False
2017-04-17,9.75,7.5,56.6019,8.22367,60.2867,56.4157,136.6,False
2017-04-18,9.75,7.5,56.2505,8.16704,59.8393,56.032,136.53,False
2017-04-19,9.75,7.5,55.9793,8.1305,59.6124,55.7952,136.79,False
2017-04-20,9.75,7.5,56.1753,8.15648,60.2649,56.3161,137.04,False
2017-04-21,9.75,7.5,56.4165,8.19567,60.6139,56.6772,137.65,False
2017-04-22,9.75,7.5,56.4165,8.1957,60.6139,56.6772,137.823333,False
2017-04-23,9.75,7.5,56.4165,8.1957,60.6139,56.6772,137.996667,False
2017-04-24,9.75,7.5,56.4165,8.19567,60.6139,56.6772,138.17,False
2017-04-25,9.75,7.5,56.0794,8.14386,60.8461,56.4066,138.0,False
2017-04-26,9.75,7.5,55.8453,8.11009,60.7932,56.109,137.92,False
2017-04-27,9.75,7.5,56.3131,8.17233,61.5052,56.6131,137.85,False
2017-04-28,9.75,7.5,56.9707,8.26597,62.1664,57.3665,138.34,False
2017-04-29,9.75,7.5,56.9707,8.266,62.1664,57.3665,138.34,False
2017-04-30,9.75,7.5,56.9707,8.266,62.1664,57.3665,138.34,False
2017-05-01,9.75,7.5,56.9707,8.26597,62.1664,57.3665,138.34,False
2017-05-02,9.25,7.5,56.9707,8.26597,62.1664,57.3665,138.45,False
2017-05-03,9.25,7.5,56.9518,8.25759,62.1515,57.2553,138.5,False
2017-05-04,9.25,7.5,57.0927,8.28415,62.3224,57.5996,138.14,False
2017-05-05,9.25,7.5,57.5714,8.34755,62.7298,57.9714,137.57,False
2017-05-06,9.25,7.5,57.5714,8.3476,62.7298,57.9714,137.57,False
2017-05-07,9.25,7.5,57.5714,8.3476,62.7298,57.9714,137.57,False
2017-05-08,9.25,7.5,57.5714,8.34755,62.7298,57.9714,137.57,False
2017-05-09,9.25,7.5,57.5714,8.34755,62.7298,57.9714,137.57,False
2017-05-10,9.25,7.5,57.5714,8.34755,62.7298,57.9714,137.96,False
2017-05-11,9.25,7.5,58.0824,8.41347,63.2634,57.7762,138.47,False
2017-05-12,9.25,7.5,57.1161,8.2729,62.1595,56.6853,138.58,False
2017-05-13,9.25,7.5,57.1161,8.2729,62.1595,56.6853,138.613333,False
2017-05-14,9.25,7.5,57.1161,8.2729,62.1595,56.6853,138.646667,False
2017-05-15,9.25,7.5,57.1161,8.2729,62.1595,56.6853,138.68,False
2017-05-16,9.25,7.5,56.5258,8.19488,61.8449,56.5428,138.6,False
2017-05-17,9.25,7.5,56.2603,8.16538,62.0382,56.6854,138.38,False
2017-05-18,9.25,7.5,56.7383,8.23332,62.9568,57.6257,138.0,False
2017-05-19,9.25,7.5,57.4683,8.34059,63.9967,58.6591,138.51,False
2017-05-20,9.25,7.5,57.4683,8.3406,63.9967,58.6591,138.573333,False
2017-05-21,9.25,7.5,57.4683,8.3406,63.9967,58.6591,138.636667,False
2017-05-22,9.25,7.5,57.4683,8.34059,63.9967,58.6591,138.7,False
2017-05-23,9.25,7.5,56.4988,8.19738,63.1713,57.9594,138.67,False
2017-05-24,9.25,7.5,56.5552,8.20854,63.6189,58.2203,138.48,False
2017-05-25,9.25,7.5,56.2743,8.1667,62.9203,57.7172,138.4,False
2017-05-26,9.25,7.5,56.0701,8.16468,63.0116,57.7625,138.07,False
2017-05-27,9.25,7.5,56.0701,8.1647,63.0116,57.7625,138.11,False
2017-05-28,9.25,7.5,56.0701,8.1647,63.0116,57.7625,138.15,False
2017-05-29,9.25,7.5,56.0701,8.16468,63.0116,57.7625,138.19,False
2017-05-30,9.25,7.5,56.7106,8.27216,63.3684,58.2304,138.09,False
2017-05-31,9.25,7.5,56.5168,8.24389,62.9484,57.8591,138.0,False
2017-06-01,9.25,7.5,56.6876,8.31038,63.4107,58.159,138.21,False
2017-06-02,9.25,7.5,56.5373,8.30747,63.531,58.2799,138.39,False
2017-06-03,9.25,7.5,56.5373,8.3075,63.531,58.2799,138.403333,False
2017-06-04,9.25,7.5,56.5373,8.3075,63.531,58.2799,138.416667,False
2017-06-05,9.25,7.5,56.5373,8.30747,63.531,58.2799,138.43,False
2017-06-06,9.25,7.5,56.6152,8.32442,63.811,58.7173,138.4,False
2017-06-07,9.25,7.5,56.6747,8.33893,63.7817,58.7607,138.49,False
2017-06-08,9.25,7.5,56.5878,8.32908,63.7179,58.6949,138.33,False
2017-06-09,9.25,7.5,56.9857,8.38802,64.1488,59.0158,138.53,False
2017-06-10,9.25,7.5,56.9857,8.388,64.1488,59.0158,138.53,False
2017-06-11,9.25,7.5,56.9857,8.388,64.1488,59.0158,138.53,False
2017-06-12,9.25,7.5,56.9857,8.38802,64.1488,59.0158,138.53,False
2017-06-13,9.25,7.5,56.9857,8.38802,64.1488,59.0158,138.65,False
2017-06-14,9.25,7.5,56.9096,8.37115,63.7729,58.8578,138.51,False
2017-06-15,9.25,7.5,57.0303,8.39026,63.9481,58.873,138.11,False
2017-06-16,9.25,7.5,57.4437,8.45071,64.2795,59.0317,137.69,False
2017-06-17,9.25,7.5,57.4437,8.4507,64.2795,59.0317,137.52,False
2017-06-18,9.25,7.5,57.4437,8.4507,64.2795,59.0317,137.35,False
2017-06-19,9.0,7.5,57.4437,8.45071,64.2795,59.0317,137.18,False
2017-06-20,9.0,7.5,57.9585,8.5018,64.8614,59.6342,137.2,False
2017-06-21,9.0,7.5,58.5786,8.58081,65.321,60.1053,137.33,False
2017-06-22,9.0,7.5,60.0,8.7858,66.798,61.5511,137.54,False
2017-06-23,9.0,7.5,60.1482,8.80518,67.1495,61.8109,137.85,False
2017-06-24,9.0,7.5,60.1482,8.8052,67.1495,61.8109,137.936667,False
2017-06-25,9.0,7.5,60.1482,8.8052,67.1495,61.8109,138.023333,False
2017-06-26,9.0,7.5,60.1482,8.80518,67.1495,61.8109,138.11,False
2017-06-27,9.0,7.5,59.0014,8.62871,66.0816,60.7823,137.98,False
2017-06-28,9.0,7.5,58.8843,8.64649,65.9563,60.8058,137.76,False
2017-06-29,9.0,7.5,59.5415,8.75739,67.6868,62.0547,137.86,False
2017-06-30,9.0,7.5,59.0855,8.71712,67.4993,61.7016,137.82,False
2017-07-01,9.0,7.5,59.0855,8.7171,67.4993,61.7016,137.826667,False
2017-07-02,9.0,7.5,59.0855,8.7171,67.4993,61.7016,137.833333,False
2017-07-03,9.0,7.5,59.0855,8.71712,67.4993,61.7016,137.84,False
2017-07-04,9.0,7.5,58.9695,8.68476,67.2016,61.433,137.89,False
2017-07-05,9.0,7.5,59.2295,8.71073,67.2966,61.4223,137.54,False
2017-07-06,9.0,7.5,59.5787,8.76273,67.6754,61.6821,137.19,False
2017-07-07,9.0,7.5,60.2426,8.85439,68.3814,62.4405,136.94,False
2017-07-08,9.0,7.5,60.2426,8.8544,68.3814,62.4405,137.01,False
2017-07-09,9.0,7.5,60.2426,8.8544,68.3814,62.4405,137.08,False
2017-07-10,9.0,7.5,60.2426,8.85439,68.3814,62.4405,137.15,False
2017-07-11,9.0,7.5,60.3014,8.86551,68.7737,62.5858,136.97,False
2017-07-12,9.0,7.5,60.7397,8.93191,69.2007,62.7801,137.21,False
2017-07-13,9.0,7.5,60.6227,8.93178,69.4494,62.9388,137.37,False
2017-07-14,9.0,7.5,60.1836,8.87494,68.8139,62.4506,137.63,False
2017-07-15,9.0,7.5,60.1836,8.8749,68.8139,62.4506,137.656667,False
2017-07-16,9.0,7.5,60.1836,8.8749,68.8139,62.4506,137.683333,False
2017-07-17,9.0,7.5,60.1836,8.87494,68.8139,62.4506,137.71,False
2017-07-18,9.0,7.5,59.0657,8.72488,67.6184,61.3033,137.67,False
2017-07-19,9.0,7.5,59.3705,8.78483,68.4008,61.9863,137.61,False
2017-07-20,9.0,7.5,59.2418,8.76929,68.2762,62.0918,137.62,False
2017-07-21,9.0,7.5,59.0823,8.72991,68.0037,61.737,137.86,False
2017-07-22,9.0,7.5,59.0823,8.7299,68.0037,61.737,137.653333,False
2017-07-23,9.0,7.5,59.0823,8.7299,68.0037,61.737,137.446667,False
2017-07-24,9.0,7.5,59.0823,8.72991,68.0037,61.737,137.24,False
2017-07-25,9.0,7.5,59.6572,8.83745,69.4708,63.0492,137.26,False
2017-07-26,9.0,7.5,59.8185,8.86056,69.7005,63.1463,137.42,False
2017-07-27,9.0,7.5,59.9102,8.86928,69.6816,62.7661,137.72,False
2017-07-28,9.0,7.5,59.4102,8.81732,69.6406,62.2357,137.68,False
2017-07-29,9.0,7.5,59.4102,8.8173,69.6406,62.2357,137.653333,False
2017-07-30,9.0,7.5,59.4102,8.8173,69.6406,62.2357,137.626667,False
2017-07-31,9.0,7.5,59.4102,8.81732,69.6406,62.2357,137.6,False
2017-08-01,9.0,7.5,60.0633,8.9259,70.4603,61.9912,137.61,False
2017-08-02,9.0,7.5,59.8454,8.90663,70.7313,61.9261,137.52,False
2017-08-03,9.0,7.5,60.5819,9.01007,71.6866,62.7532,137.7,False
2017-08-04,9.0,7.5,60.7503,9.03552,71.9527,62.7132,138.05,False
2017-08-05,9.0,7.5,60.7503,9.0355,71.9527,62.7132,138.1,False
2017-08-06,9.0,7.5,60.7503,9.0355,71.9527,62.7132,138.15,False
2017-08-07,9.0,7.5,60.7503,9.03552,71.9527,62.7132,138.2,False
2017-08-08,9.0,7.5,60.0605,8.93984,70.8414,61.7589,138.04,False
2017-08-09,9.0,7.5,59.9886,8.94858,70.8405,61.6723,138.04,False
2017-08-10,9.0,7.5,59.9611,8.97783,70.4183,62.2132,138.19,False
2017-08-11,9.0,7.5,59.9298,8.99725,70.2677,62.0327,138.09,False
2017-08-12,9.0,7.5,59.9298,8.9972,70.2677,62.0327,138.166667,False
2017-08-13,9.0,7.5,59.9298,8.9972,70.2677,62.0327,138.243333,False
2017-08-14,9.0,7.5,59.9298,8.99725,70.2677,62.0327,138.32,False
2017-08-15,9.0,7.5,59.799,8.96685,70.6645,61.923,138.25,False
2017-08-16,9.0,7.5,59.9266,8.97427,70.3718,61.6592,138.29,False
2017-08-17,9.0,7.5,59.6521,8.90955,69.9958,61.1942,138.36,False
2017-08-18,9.0,7.5,59.249,8.87878,69.6531,61.3661,138.4,False
2017-08-19,9.0,7.5,59.249,8.8788,69.6531,61.3661,138.4,False
2017-08-20,9.0,7.5,59.249,8.8788,69.6531,61.3661,138.4,False
2017-08-21,9.0,7.5,59.249,8.87878,69.6531,61.3661,138.4,False
2017-08-22,9.0,7.5,59.1409,8.86657,69.4314,61.1655,138.38,False
2017-08-23,9.0,7.5,59.0396,8.86494,69.59,61.1429,138.45,False
2017-08-24,9.0,7.5,59.1312,8.87323,69.5619,61.0733,138.44,False
2017-08-25,9.0,7.5,59.1397,8.8793,69.7434,61.2783,138.41,False
2017-08-26,9.0,7.5,59.1397,8.8793,69.7434,61.2783,138.416667,False
2017-08-27,9.0,7.5,59.1397,8.8793,69.7434,61.2783,138.423333,False
2017-08-28,9.0,7.5,59.1397,8.8793,69.7434,61.2783,138.43,False
2017-08-29,9.0,7.5,58.5469,8.82741,69.8465,61.3699,138.25,False
2017-08-30,9.0,7.5,58.532,8.87467,70.4316,61.8274,138.37,False
2017-08-31,9.0,7.5,58.7306,8.90802,70.2007,61.4723,138.62,False
2017-09-01,9.0,7.5,58.5454,8.87428,69.6222,60.757,139.06,False
2017-09-02,9.0,7.5,58.5454,8.8743,69.6222,60.757,139.08,False
2017-09-03,9.0,7.5,58.5454,8.8743,69.6222,60.757,139.1,False
2017-09-04,9.0,7.5,58.5454,8.87428,69.6222,60.757,139.12,False
2017-09-05,9.0,7.5,57.7817,8.86236,68.7256,60.3464,139.32,False
2017-09-06,9.0,7.5,57.8503,8.83035,68.7782,60.2231,139.88,False
2017-09-07,9.0,7.5,57.3387,8.7866,68.4165,60.1098,140.02,False
2017-09-08,9.0,7.5,57.1411,8.79297,68.2436,59.8901,140.01,False
2017-09-09,9.0,7.5,57.1411,8.793,68.2436,59.8901,140.0,False
2017-09-10,9.0,7.5,57.1411,8.793,68.2436,59.8901,139.99,False
2017-09-11,9.0,7.5,57.1411,8.79297,68.2436,59.8901,139.98,False
2017-09-12,9.0,7.5,57.1694,8.762,68.649,60.21,139.87,False
2017-09-13,9.0,7.5,57.2656,8.76344,68.5469,59.8637,139.84,False
2017-09-14,9.0,7.5,57.6679,8.83001,69.0977,60.1334,139.91,False
2017-09-15,9.0,7.5,57.7706,8.81294,68.695,59.7606,139.96,False
2017-09-16,9.0,7.5,57.7706,8.8129,68.695,59.7606,139.92,False
2017-09-17,9.0,7.5,57.7706,8.8129,68.695,59.7606,139.88,False
2017-09-18,8.5,7.5,57.7706,8.81294,68.695,59.7606,139.84,False
2017-09-19,8.5,7.5,57.6242,8.7807,68.7514,60.0127,139.73,False
2017-09-20,8.5,7.5,58.0993,8.8219,69.6785,60.4383,139.88,False
2017-09-21,8.5,7.5,58.129,8.84118,69.7664,60.5258,139.79,False
2017-09-22,8.5,7.5,58.2242,8.8288,69.2635,59.9199,139.86,False
2017-09-23,8.5,7.5,58.2242,8.8288,69.2635,59.9199,139.836667,False
2017-09-24,8.5,7.5,58.2242,8.8288,69.2635,59.9199,139.813333,False
2017-09-25,8.5,7.5,58.2242,8.8288,69.2635,59.9199,139.79,False
2017-09-26,8.5,7.5,57.566,8.69564,68.5553,59.2121,139.58,False
2017-09-27,8.5,7.5,57.5186,8.6738,68.0215,59.2975,139.12,False
2017-09-28,8.5,7.5,58.0102,8.74161,68.1678,59.4367,139.48,False
2017-09-29,8.5,7.5,58.4255,8.76194,68.6441,59.9913,139.66,False
2017-09-30,8.5,7.5,58.4255,8.7619,68.6441,59.9913,139.62,False
2017-10-01,8.5,7.5,58.4255,8.7619,68.6441,59.9913,139.58,False
2017-10-02,8.5,7.5,58.4255,8.76194,68.6441,59.9913,139.54,False
2017-10-03,8.5,7.5,57.8134,8.6893,67.9076,59.4605,139.5,False
2017-10-04,8.5,7.5,57.9375,8.70795,67.9839,59.35,139.69,False
2017-10-05,8.5,7.5,57.7832,8.68476,67.9357,59.3561,139.98,False
2017-10-06,8.5,7.5,57.5811,8.65439,67.7787,59.0515,139.94,False
2017-10-07,8.5,7.5,57.5811,8.6544,67.7787,59.0515,139.9,False
2017-10-08,8.5,7.5,57.5811,8.6544,67.7787,59.0515,139.86,False
2017-10-09,8.5,7.5,57.5811,8.65439,67.7787,59.0515,139.82,False
2017-10-10,8.5,7.5,58.3151,8.7963,68.3861,59.5782,140.0,False
2017-10-11,8.5,7.5,58.0713,8.81913,68.3557,59.4141,140.24,False
2017-10-12,8.5,7.5,57.921,8.7967,68.5032,59.4183,140.46,False
2017-10-13,8.5,7.5,57.6869,8.75503,68.4455,59.2694,140.7,False
2017-10-14,8.5,7.5,57.6869,8.755,68.4455,59.2694,140.673333,False
2017-10-15,8.5,7.5,57.6869,8.755,68.4455,59.2694,140.646667,False
2017-10-16,8.5,7.5,57.6869,8.75503,68.4455,59.2694,140.62,False
2017-10-17,8.5,7.5,57.0861,8.66043,67.2988,58.5559,140.43,False
2017-10-18,8.5,7.5,57.3392,8.66753,67.4596,58.7011,140.58,False
2017-10-19,8.5,7.5,57.2721,8.65085,67.3577,58.4708,140.59,False
2017-10-20,8.5,7.5,57.5706,8.68531,67.9333,58.7875,140.53,False
2017-10-21,8.5,7.5,57.5706,8.6853,67.9333,58.7875,140.53,False
2017-10-22,8.5,7.5,57.5706,8.6853,67.9333,58.7875,140.53,False
2017-10-23,8.5,7.5,57.5706,8.68531,67.9333,58.7875,140.53,False
2017-10-24,8.5,7.5,57.4706,8.65717,67.5567,58.3103,140.47,False
2017-10-25,8.5,7.5,57.5852,8.68123,67.6856,58.4503,140.43,False
2017-10-26,8.5,7.5,57.614,8.67668,67.7713,58.1372,140.37,False
2017-10-27,8.5,7.5,57.7643,8.70547,68.289,58.3714,140.1,False
2017-10-28,8.5,7.5,57.7643,8.7055,68.289,58.3714,140.146667,False
2017-10-29,8.5,7.5,57.7643,8.7055,68.289,58.3714,140.193333,False
2017-10-30,8.25,7.5,57.7643,8.70547,68.289,58.3714,140.24,False
2017-10-31,8.25,7.5,57.8716,8.70629,67.2179,57.9992,140.16,False
2017-11-01,8.25,7.5,58.1179,8.76881,67.6434,58.3572,140.21,False
2017-11-02,8.25,7.5,58.1557,8.79056,67.7107,58.179,140.22,False
2017-11-03,8.25,7.5,58.0869,8.79212,67.677,58.116,140.14,False
2017-11-04,8.25,7.5,58.0869,8.7921,67.677,58.116,140.14,False
2017-11-05,8.25,7.5,58.0869,8.7921,67.677,58.116,140.14,False
2017-11-06,8.25,7.5,58.0869,8.79212,67.677,58.116,140.14,False
2017-11-07,8.25,7.5,58.0869,8.79212,67.677,58.116,140.13,False
2017-11-08,8.25,7.5,58.4557,8.81432,67.7677,58.3973,139.91,False
2017-11-09,8.25,7.5,59.248,8.93056,68.704,59.3132,139.91,False
2017-11-10,8.25,7.5,59.2527,8.92602,68.7865,59.2349,139.9,False
2017-11-11,8.25,7.5,59.2527,8.926,68.7865,59.2349,139.8,False
2017-11-12,8.25,7.5,59.2527,8.926,68.7865,59.2349,139.7,False
2017-11-13,8.25,7.5,59.2527,8.92602,68.7865,59.2349,139.6,False
2017-11-14,8.25,7.5,59.1823,8.90924,68.9178,59.3604,139.49,False
2017-11-15,8.25,7.5,59.6207,8.9747,69.6787,59.8601,139.54,False
2017-11-16,8.25,7.5,60.249,9.08733,71.1721,61.0364,139.72,False
2017-11-17,8.25,7.5,59.9898,9.04455,70.704,60.5713,139.9,False
2017-11-18,8.25,7.5,59.9898,9.0445,70.704,60.5713,139.886667,False
2017-11-19,8.25,7.5,59.9898,9.0445,70.704,60.5713,139.873333,False
2017-11-20,8.25,7.5,59.9898,9.04455,70.704,60.5713,139.86,False
2017-11-21,8.25,7.5,59.2746,8.94036,69.6654,59.8854,139.83,False
2017-11-22,8.25,7.5,59.4604,8.96298,69.8184,59.8856,140.03,False
2017-11-23,8.25,7.5,59.0061,8.91829,69.403,59.6503,140.17,False
2017-11-24,8.25,7.5,58.4622,8.88024,69.1783,59.5277,140.18,False
2017-11-25,8.25,7.5,58.4622,8.8802,69.1783,59.5277,140.206667,False
2017-11-26,8.25,7.5,58.4622,8.8802,69.1783,59.5277,140.233333,False
2017-11-27,8.25,7.5,58.4622,8.88024,69.1783,59.5277,140.26,False
2017-11-28,8.25,7.5,58.2773,8.83311,69.4957,59.5821,140.37,False
2017-11-29,8.25,7.5,58.4125,8.85749,69.4934,59.5135,140.47,False
2017-11-30,8.25,7.5,58.3311,8.84072,69.204,59.2916,140.38,False
2017-12-01,8.25,7.5,58.5814,8.86174,69.5185,59.4072,140.51,False
2017-12-02,8.25,7.5,58.5814,8.8617,69.5185,59.4072,140.476667,False
2017-12-03,8.25,7.5,58.5814,8.8617,69.5185,59.4072,140.443333,False
2017-12-04,8.25,7.5,58.5814,8.86174,69.5185,59.4072,140.41,False
2017-12-05,8.25,7.5,58.9911,8.91293,69.9104,60.0174,140.56,False
2017-12-06,8.25,7.5,58.6924,8.87531,69.6327,59.4896,140.57,False
2017-12-07,8.25,7.5,58.9281,8.90839,69.706,59.6137,140.66,False
2017-12-08,8.25,7.5,59.2948,8.96382,69.9323,59.8514,140.7,False
2017-12-09,8.25,7.5,59.2948,8.9638,69.9323,59.8514,140.706667,False
2017-12-10,8.25,7.5,59.2948,8.9638,69.9323,59.8514,140.713333,False
2017-12-11,8.25,7.5,59.2948,8.96382,69.9323,59.8514,140.72,False
2017-12-12,8.25,7.5,59.2348,8.95191,69.8023,59.7607,140.77,False
2017-12-13,8.25,7.5,58.837,8.88615,69.2982,59.4193,140.69,False
2017-12-14,8.25,7.5,59.1446,8.93423,69.4653,59.6396,140.74,False
2017-12-15,8.25,7.5,58.7082,8.88361,69.4048,59.572,141.03,False
2017-12-16,8.25,7.5,58.7082,8.8836,69.4048,59.572,141.05,False
2017-12-17,8.25,7.5,58.7082,8.8836,69.4048,59.572,141.07,False
2017-12-18,7.75,7.5,58.7082,8.88361,69.4048,59.572,141.09,False
2017-12-19,7.75,7.5,58.694,8.87193,69.0946,59.2869,141.15,False
2017-12-20,7.75,7.5,58.6117,8.87061,69.1735,59.4982,141.33,False
2017-12-21,7.75,7.5,58.717,8.92451,69.5033,59.5749,141.36,False
2017-12-22,7.75,7.5,58.5596,8.89153,69.522,59.3911,141.35,False
2017-12-23,7.75,7.5,58.5596,8.8915,69.522,59.3911,141.376667,False
2017-12-24,7.75,7.5,58.5596,8.8915,69.522,59.3911,141.403333,False
2017-12-25,7.75,7.5,58.5596,8.89153,69.522,59.3911,141.43,False
2017-12-26,7.75,7.5,58.1989,8.89987,69.0937,58.876,141.4,False
2017-12-27,7.75,7.5,57.7343,8.8241,68.5422,58.3646,141.41,False
2017-12-28,7.75,7.5,57.4544,8.76324,68.2328,58.0406,141.44,False
2017-12-29,7.75,7.5,57.6291,8.81826,68.7861,58.7273,141.49,False
2017-12-30,7.75,7.5,57.6291,8.8183,68.7861,58.7273,141.49,False
2017-12-31,7.75,7.5,57.6291,8.8183,68.7861,58.7273,141.49,False
2018-01-01,7.75,7.5,57.6291,8.81826,68.7861,58.7273,141.49,False
2018-01-02,7.75,7.5,57.6291,8.81826,68.7861,58.7273,141.49,False
2018-01-03,7.75,7.5,57.6291,8.81826,68.7861,58.7273,141.77,False
2018-01-04,7.75,7.5,57.5458,8.81826,68.7038,58.6416,141.91,False
2018-01-05,7.75,7.5,57.4626,8.81826,68.6216,58.5559,141.96,False
2018-01-06,7.75,7.5,57.3793,8.8183,68.5393,58.4702,141.96,False
2018-01-07,7.75,7.5,57.2961,8.8183,68.4571,58.3846,141.96,False
2018-01-08,7.75,7.5,57.2128,8.81826,68.3748,58.2989,141.96,False
2018-01-09,7.75,7.5,57.1296,8.81826,68.2926,58.2132,142.07,False
2018-01-10,7.75,7.11,57.0463,8.7489,68.2103,58.1275,142.33,False
2018-01-11,7.75,7.12,56.8734,8.72653,67.8841,57.9277,142.04,False
2018-01-12,7.75,7.1,56.9957,8.75739,68.0586,58.1174,142.2,False
2018-01-13,7.75,7.13,56.9957,8.7574,68.0586,58.1174,142.283333,False
2018-01-14,7.75,7.16,56.9957,8.7574,68.0586,58.1174,142.366667,False
2018-01-15,7.75,7.19,56.9957,8.75739,68.0586,58.1174,142.45,False
2018-01-16,7.75,7.47,56.3569,8.74931,68.8174,58.3465,142.35,False
2018-01-17,7.75,7.36,56.3878,8.76131,69.0243,58.53,142.13,False
2018-01-18,7.75,7.33,56.5925,8.7979,69.173,58.8218,142.24,False
2018-01-19,7.75,7.25,56.7597,8.83488,69.2582,58.8916,142.31,False
2018-01-20,7.75,7.2667,56.7597,8.8349,69.2582,58.8916,142.32,False
2018-01-21,7.75,7.2833,56.7597,8.8349,69.2582,58.8916,142.33,False
2018-01-22,7.75,7.3,56.7597,8.83488,69.2582,58.8916,142.34,False
2018-01-23,7.75,7.09,56.6261,8.84424,69.265,58.9303,142.28,False
2018-01-24,7.75,7.0,56.4115,8.81003,69.0702,58.585,142.44,False
2018-01-25,7.75,7.0,56.3888,8.8273,69.4484,59.1822,142.54,False
2018-01-26,7.75,7.35,55.9288,8.8344,69.458,59.3409,142.34,False
2018-01-27,7.75,7.3533,55.9288,8.8344,69.458,59.3409,142.293333,False
2018-01-28,7.75,7.3567,55.9288,8.8344,69.458,59.3409,142.246667,False
2018-01-29,7.75,7.36,55.9288,8.8344,69.458,59.3409,142.2,False
2018-01-30,7.75,7.39,56.2908,8.89692,69.8513,60.0179,142.67,False
2018-01-31,7.75,7.49,56.2914,8.87555,69.5424,60.0762,143.13,False
2018-02-01,7.75,7.39,56.184,8.93654,69.9322,60.3027,143.25,False
2018-02-02,7.75,7.29,56.2613,8.93817,69.7921,60.3338,143.39,False
2018-02-03,7.75,7.3,56.2613,8.9382,69.7921,60.3338,143.406667,False
2018-02-04,7.75,7.31,56.2613,8.9382,69.7921,60.3338,143.423333,False
2018-02-05,7.75,7.32,56.2613,8.93817,69.7921,60.3338,143.44,False
2018-02-06,7.75,7.29,56.6278,8.99811,70.4959,60.9229,143.31,False
2018-02-07,7.75,7.17,57.2196,9.11663,70.9294,61.3681,143.86,False
2018-02-08,7.75,7.09,56.9533,9.09739,70.531,60.8086,143.71,False
2018-02-09,7.75,7.09,57.6736,9.11519,70.7713,61.0303,143.83,False
2018-02-10,7.75,7.0633,57.6736,9.1152,70.7713,61.0303,143.846667,False
2018-02-11,7.75,7.0367,57.6736,9.1152,70.7713,61.0303,143.863333,False
2018-02-12,7.5,7.01,57.6736,9.11519,70.7713,61.0303,143.88,False
2018-02-13,7.5,7.0,58.0171,9.16643,71.245,61.7466,143.86,False
2018-02-14,7.5,7.18,57.7701,9.10812,71.167,61.8193,143.93,False
2018-02-15,7.5,7.36,57.5899,9.08086,71.2329,61.7387,144.09,False
2018-02-16,7.5,7.37,56.5918,8.91462,70.6718,61.1671,144.49,False
2018-02-17,7.5,7.3833,56.5918,8.9146,70.6718,61.1671,144.51,False
2018-02-18,7.5,7.3967,56.5918,8.9146,70.6718,61.1671,144.53,False
2018-02-19,7.5,7.41,56.5918,8.91462,70.6718,61.1671,144.55,False
2018-02-20,7.5,7.4,56.3438,8.87556,69.9001,60.7153,144.41,False
2018-02-21,7.5,7.35,56.5201,8.90333,69.8928,60.6114,144.58,False
2018-02-22,7.5,7.2,56.6537,8.92437,69.8087,60.4435,144.57,False
2018-02-23,7.5,7.2,56.7608,8.92325,69.6341,60.3838,144.57,False
2018-02-24,7.5,7.2333,56.7608,8.9232,69.6341,60.3838,144.726667,False
2018-02-25,7.5,7.2667,56.7608,8.9232,69.6341,60.3838,144.883333,False
2018-02-26,7.5,7.3,56.7608,8.92325,69.6341,60.3838,145.04,False
2018-02-27,7.5,7.41,55.9208,8.86506,68.9224,59.8788,144.77,False
2018-02-28,7.5,7.43,55.6717,8.82725,68.6599,59.4402,144.72,False
2018-03-01,7.5,7.4,56.3742,8.9025,68.9062,59.8579,144.61,False
2018-03-02,7.5,7.43,56.4334,8.89682,68.8826,59.6737,144.46,False
2018-03-03,7.5,7.3933,56.4334,8.8968,68.8826,59.6737,144.463333,False
2018-03-04,7.5,7.3567,56.4334,8.8968,68.8826,59.6737,144.466667,False
2018-03-05,7.5,7.32,56.4334,8.89682,68.8826,59.6737,144.47,False
2018-03-06,7.5,7.36,57.1,9.0046,70.1702,60.9392,144.62,False
2018-03-07,7.5,7.27,56.5041,8.91119,69.7317,60.0596,144.71,False
2018-03-08,7.5,7.27,56.8011,8.98339,70.5299,60.4589,144.71,False
2018-03-09,7.5,7.27,56.8011,8.98339,70.5299,60.4589,144.86,False
2018-03-10,7.5,7.3133,56.8011,8.9834,70.5299,60.4589,144.813333,False
2018-03-11,7.5,7.3567,56.8011,8.9834,70.5299,60.4589,144.766667,False
2018-03-12,7.5,7.4,56.8011,8.98339,70.5299,60.4589,144.72,False
2018-03-13,7.5,7.39,56.6122,8.95239,69.7972,59.6043,144.71,False
2018-03-14,7.5,7.42,56.9359,8.99589,70.1564,60.078,144.66,False
2018-03-15,7.5,7.4,56.9372,9.01433,70.5338,60.1937,144.41,False
2018-03-16,7.5,7.4,57.0188,9.01939,70.5151,60.331,144.37,False
2018-03-17,7.5,7.3833,57.0188,9.0194,70.5151,60.331,144.373333,False
2018-03-18,7.5,7.3667,57.0188,9.0194,70.5151,60.331,144.376667,False
2018-03-19,7.5,7.35,57.0188,9.01939,70.5151,60.331,144.38,False
2018-03-20,7.5,7.23,57.5521,9.08952,70.6049,60.3019,144.6,False
2018-03-21,7.5,7.34,57.7033,9.11585,71.2347,60.6446,144.9,False
2018-03-22,7.5,7.23,57.4954,9.08128,70.5699,60.3373,145.15,False
2018-03-23,7.5,7.19,56.8391,8.99111,70.31,60.0328,145.24,False
2018-03-24,7.5,7.1967,56.8391,8.9911,70.31,60.0328,145.2,False
2018-03-25,7.5,7.2033,56.8391,8.9911,70.31,60.0328,145.16,False
2018-03-26,7.25,7.21,56.8391,8.99111,70.31,60.0328,145.12,False
2018-03-27,7.25,7.24,57.0039,9.06608,70.5708,60.1942,144.94,False
2018-03-28,7.25,7.22,57.1747,9.11383,71.2625,60.4831,144.86,False
2018-03-29,7.25,7.16,57.5598,9.15275,71.3339,60.6403,144.89,False
2018-03-30,7.25,7.21,57.7626,9.18003,71.0942,60.358,144.98,False
2018-03-31,7.25,7.2033,57.7626,9.18,71.0942,60.358,144.99,False
2018-04-01,7.25,7.1967,57.7626,9.18,71.0942,60.358,145.0,False
2018-04-02,7.25,7.19,57.7626,9.18003,71.0942,60.358,145.01,False
2018-04-03,7.25,7.05,57.285,9.12196,70.6038,60.085,144.86,False
2018-04-04,7.25,7.11,57.5375,9.15517,70.9207,60.3308,144.9,False
2018-04-05,7.25,7.15,57.7646,9.16971,70.958,60.379,144.94,False
2018-04-06,7.25,7.07,57.5796,9.13208,70.5926,59.8665,144.82,False
2018-04-07,7.25,7.0767,57.5796,9.1321,70.5926,59.8665,144.45,False
2018-04-08,7.25,7.0833,57.5796,9.1321,70.5926,59.8665,144.08,False
2018-04-09,7.25,7.09,57.5796,9.13208,70.5926,59.8665,143.71,False
2018-04-10,7.25,7.11,58.5714,9.28084,71.8847,61.0309,141.65,False
2018-04-11,7.25,7.15,62.3699,9.90612,76.8522,65.2337,141.17,False
2018-04-12,7.25,6.99,64.0626,10.1915,79.2839,66.8154,142.5,False
2018-04-13,7.25,6.97,62.0659,9.88027,76.7569,64.6722,142.15,False
2018-04-14,7.25,7.0133,62.0659,9.8803,76.7569,64.6722,142.04,False
2018-04-15,7.25,7.0567,62.0659,9.8803,76.7569,64.6722,141.93,False
2018-04-16,7.25,7.1,62.0659,9.88027,76.7569,64.6722,141.82,False
2018-04-17,7.25,7.06,62.2794,9.91426,76.8403,64.8136,142.37,False
2018-04-18,7.25,7.1,61.1454,9.74087,75.8448,63.66,142.49,False
2018-04-19,7.25,7.1,61.5539,9.793,76.0868,63.5362,142.88,False
2018-04-20,7.25,7.08,60.8583,9.69282,75.4034,62.8377,142.89,False
2018-04-21,7.25,7.0733,60.8583,9.6928,75.4034,62.8377,142.87,False
2018-04-22,7.25,7.0667,60.8583,9.6928,75.4034,62.8377,142.85,False
2018-04-23,7.25,7.06,60.8583,9.69282,75.4034,62.8377,142.83,False
2018-04-24,7.25,6.92,61.7655,9.79783,75.7924,63.239,143.09,False
2018-04-25,7.25,7.04,61.6644,9.77311,75.2121,62.9936,142.99,False
2018-04-26,7.25,7.17,61.7494,9.77264,75.3281,62.8877,142.78,False
2018-04-27,7.25,7.13,62.6027,9.88875,76.1812,63.6271,143.02,False
2018-04-28,7.25,7.13,62.6027,9.8887,76.1812,63.6271,143.06,False
2018-04-29,7.25,7.13,62.6027,9.8887,76.1812,63.6271,143.1,False
2018-04-30,7.25,7.13,62.6027,9.88875,76.1812,63.6271,143.14,False
2018-05-01,7.25,7.13,62.6027,9.88875,76.1812,63.6271,143.14,False
2018-05-02,7.25,7.13,62.6027,9.88875,76.1812,63.6271,143.12,False
2018-05-03,7.25,7.08,63.0443,9.88875,76.1536,63.6681,142.84,False
2018-05-04,7.25,6.97,63.486,9.99197,76.1261,63.709,142.77,False
2018-05-05,7.25,6.9933,63.486,9.992,76.1261,63.709,142.773333,False
2018-05-06,7.25,7.0167,63.486,9.992,76.1261,63.709,142.776667,False
2018-05-07,7.25,7.04,63.486,9.99197,76.1261,63.709,142.78,False
2018-05-08,7.25,6.5,62.7148,9.85338,74.8125,62.5397,142.69,False
2018-05-09,7.25,6.5,63.0066,9.89379,75.0409,62.7493,142.69,False
2018-05-10,7.25,6.97,63.0066,9.89379,75.0409,62.7493,142.72,False
2018-05-11,7.25,7.03,62.5229,9.82586,74.1772,62.249,142.86,False
2018-05-12,7.25,7.0233,62.5229,9.8259,74.1772,62.249,142.813333,False
2018-05-13,7.25,7.0167,62.5229,9.8259,74.1772,62.249,142.766667,False
2018-05-14,7.25,7.01,62.5229,9.82586,74.1772,62.249,142.72,False
2018-05-15,7.25,7.03,61.7684,9.74695,73.943,61.8055,142.65,False
2018-05-16,7.25,7.05,61.9164,9.74402,73.8601,61.8978,142.46,False
2018-05-17,7.25,7.11,62.3033,9.78273,73.7796,62.3345,142.54,False
2018-05-18,7.25,7.21,61.8215,9.70952,73.0236,61.7351,142.5,False
2018-05-19,7.25,7.1833,61.8215,9.7095,73.0236,61.7351,142.46,False
2018-05-20,7.25,7.1567,61.8215,9.7095,73.0236,61.7351,142.42,False
2018-05-21,7.25,7.13,61.8215,9.70952,73.0236,61.7351,142.38,False
2018-05-22,7.25,7.12,62.5327,9.78694,73.3321,62.6141,142.52,False
2018-05-23,7.25,7.13,61.261,9.61621,72.239,61.507,142.64,False
2018-05-24,7.25,7.05,61.5945,9.64705,72.1826,62.1351,142.83,False
2018-05-25,7.25,7.08,61.409,9.6186,72.0082,61.898,142.75,False
2018-05-26,7.25,7.0933,61.409,9.6186,72.0082,61.898,142.733333,False
2018-05-27,7.25,7.1067,61.409,9.6186,72.0082,61.898,142.716667,False
2018-05-28,7.25,7.12,61.409,9.6186,72.0082,61.898,142.7,False
2018-05-29,7.25,7.12,62.271,9.73943,72.8322,62.7416,142.57,False
2018-05-30,7.25,7.13,62.642,9.75945,72.5269,63.0899,142.6,False
2018-05-31,7.25,7.19,62.5937,9.74236,72.5211,63.1685,142.55,False
2018-06-01,7.25,7.08,62.0188,9.68862,72.5806,62.8166,142.62,False
2018-06-02,7.25,7.0767,62.0188,9.6886,72.5806,62.8166,142.653333,False
2018-06-03,7.25,7.0733,62.0188,9.6886,72.5806,62.8166,142.686667,False
2018-06-04,7.25,7.07,62.0188,9.68862,72.5806,62.8166,142.72,False
2018-06-05,7.25,7.03,61.929,9.65785,72.4384,62.7701,142.51,False
2018-06-06,7.25,7.08,61.9822,9.68169,72.513,62.8304,142.43,False
2018-06-07,7.25,7.14,62.0064,9.69486,72.8637,62.9379,142.12,False
2018-06-08,7.25,6.98,61.8125,9.66621,73.0686,62.9391,141.63,False
2018-06-09,7.25,6.98,61.8125,9.6662,73.0686,62.9391,141.66,False
2018-06-10,7.25,6.98,61.8125,9.6662,73.0686,62.9391,141.69,False
2018-06-11,7.25,6.98,61.8125,9.66621,73.0686,62.9391,141.72,False
2018-06-12,7.25,6.98,61.8125,9.66621,73.0686,62.9391,141.72,False
2018-06-13,7.25,7.1,61.8125,9.66621,73.0686,62.9391,141.38,False
2018-06-14,7.25,7.05,63.1164,9.85362,74.1365,63.7926,141.44,False
2018-06-15,7.25,7.08,62.2511,9.73799,73.5621,63.3148,141.01,False
2018-06-16,7.25,7.0933,62.2511,9.738,73.5621,63.3148,140.553333,False
2018-06-17,7.25,7.1067,62.2511,9.738,73.5621,63.3148,140.096667,False
2018-06-18,7.25,7.12,62.2511,9.73799,73.5621,63.3148,139.64,False
2018-06-19,7.25,7.14,63.4838,9.85865,73.4825,63.694,138.8,False
2018-06-20,7.25,7.13,64.0683,9.89655,74.1847,64.4032,139.9,False
2018-06-21,7.25,6.98,63.6175,9.83163,73.6118,63.8153,140.0,False
2018-06-22,7.25,7.03,63.7873,9.82325,73.6871,64.0306,140.16,False
2018-06-23,7.25,7.12,63.7873,9.8232,73.6871,64.0306,140.176667,False
2018-06-24,7.25,7.21,63.7873,9.8232,73.6871,64.0306,140.193333,False
2018-06-25,7.25,7.3,63.7873,9.82325,73.6871,64.0306,140.21,False
2018-06-26,7.25,7.2,62.9497,9.64658,73.3112,63.7659,139.96,False
2018-06-27,7.25,7.13,62.7908,9.57761,73.4087,63.4956,139.46,False
2018-06-28,7.25,7.11,63.1359,9.56257,73.6038,63.7286,139.54,False
2018-06-29,7.25,7.29,63.291,9.545,73.0884,63.3988,139.98,False
2018-06-30,7.25,7.23,63.291,9.545,73.0884,63.3988,139.996667,False
2018-07-01,7.25,7.17,63.291,9.545,73.0884,63.3988,140.013333,False
2018-07-02,7.25,7.11,63.291,9.545,73.0884,63.3988,140.03,False
2018-07-03,7.25,6.97,63.1394,9.48737,73.469,63.6293,139.94,False
2018-07-04,7.25,7.13,63.2194,9.48045,73.7012,63.6779,139.92,False
2018-07-05,7.25,7.07,63.2267,9.54956,73.7097,63.6788,140.03,False
2018-07-06,7.25,7.13,63.2604,9.53004,73.9641,63.6935,140.09,False
2018-07-07,7.25,7.0733,63.2604,9.53,73.9641,63.6935,140.176667,False
2018-07-08,7.25,7.0167,63.2604,9.53,73.9641,63.6935,140.263333,False
2018-07-09,7.25,6.96,63.2604,9.53004,73.9641,63.6935,140.35,False
2018-07-10,7.25,7.12,62.8338,9.4961,73.9365,63.6937,140.53,False
2018-07-11,7.25,7.2,62.4442,9.4291,73.347,62.9541,140.63,False
2018-07-12,7.25,7.27,62.098,9.31451,72.8472,62.643,140.83,False
2018-07-13,7.25,7.29,62.2062,9.3306,72.6817,62.4372,140.9,False
2018-07-14,7.25,7.2867,62.2062,9.3306,72.6817,62.4372,140.89,False
2018-07-15,7.25,7.2833,62.2062,9.3306,72.6817,62.4372,140.88,False
2018-07-16,7.25,7.28,62.2062,9.3306,72.6817,62.4372,140.87,False
2018-07-17,7.25,7.25,62.2556,9.31315,72.7955,62.2494,140.38,False
2018-07-18,7.25,7.25,62.4352,9.34687,73.2427,62.7426,140.04,False
2018-07-19,7.25,7.21,62.9006,9.36718,73.1345,62.7187,139.8,False
2018-07-20,7.25,7.16,63.2746,9.34356,73.4808,63.1735,139.86,False
2018-07-21,7.25,7.16,63.2746,9.3436,73.4808,63.1735,139.853333,False
2018-07-22,7.25,7.16,63.2746,9.3436,73.4808,63.1735,139.846667,False
2018-07-23,7.25,7.16,63.2746,9.34356,73.4808,63.1735,139.84,False
2018-07-24,7.25,6.97,63.1957,9.31829,74.1286,63.7825,139.81,False
2018-07-25,7.25,6.92,62.9235,9.23268,73.5261,63.2588,139.53,False
2018-07-26,7.25,7.08,63.0836,9.30739,73.751,63.5539,139.61,False
2018-07-27,7.25,7.4,62.9471,9.28095,73.8181,63.4164,139.45,False
2018-07-28,7.25,7.5767,62.9471,9.281,73.8181,63.4164,139.486667,False
2018-07-29,7.25,7.7533,62.9471,9.281,73.8181,63.4164,139.523333,False
2018-07-30,7.25,7.93,62.9471,9.28095,73.8181,63.4164,139.56,False
2018-07-31,7.25,7.94,62.7805,9.19726,73.2021,63.1912,139.72,False
2018-08-01,7.25,7.13,62.3497,9.13442,73.0738,63.0942,139.67,False
2018-08-02,7.25,7.06,62.559,9.20676,73.1064,63.0444,139.14,False
2018-08-03,7.25,6.87,63.1358,9.24606,73.4206,63.5041,138.82,False
2018-08-04,7.25,6.92,63.1358,9.2461,73.4206,63.5041,138.773333,False
2018-08-05,7.25,6.97,63.1358,9.2461,73.4206,63.5041,138.726667,False
2018-08-06,7.25,7.02,63.1358,9.24606,73.4206,63.5041,138.68,False
2018-08-07,7.25,7.0,63.4975,9.28,73.4095,63.7781,138.57,False
2018-08-08,7.25,7.12,63.5425,9.29718,73.5632,63.8233,137.72,False
2018-08-09,7.25,7.28,63.595,9.30813,73.8211,63.8248,136.69,False
2018-08-10,7.25,7.26,66.2856,9.70777,76.825,66.6589,136.18,False
2018-08-11,7.25,7.2467,66.2856,9.7078,76.825,66.6589,135.99,False
2018-08-12,7.25,7.2333,66.2856,9.7078,76.825,66.6589,135.8,False
2018-08-13,7.25,7.22,66.2856,9.70777,76.825,66.6589,135.61,False
2018-08-14,7.25,7.25,68.2234,9.9221,77.6519,68.5869,135.55,False
2018-08-15,7.25,7.14,66.7535,9.69888,76.2325,67.2647,135.14,False
2018-08-16,7.25,7.14,66.3772,9.61334,75.2253,66.5769,134.73,False
2018-08-17,7.25,7.12,66.8932,9.69959,76.0576,67.3715,134.17,False
2018-08-18,7.25,7.11,66.8932,9.6996,76.0576,67.3715,134.066667,False
2018-08-19,7.25,7.1,66.8932,9.6996,76.0576,67.3715,133.963333,False
2018-08-20,7.25,7.09,66.8932,9.69959,76.0576,67.3715,133.86,False
2018-08-21,7.25,6.86,67.1807,9.80454,76.7204,67.4844,134.16,False
2018-08-22,7.25,7.01,67.1783,9.8145,77.3491,67.9942,134.44,False
2018-08-23,7.25,7.01,67.6163,9.87676,78.1983,68.6739,133.97,False
2018-08-24,7.25,6.84,68.5259,9.96871,79.2502,69.6614,134.09,False
2018-08-25,7.25,6.9167,68.5259,9.9687,79.2502,69.6614,134.086667,False
2018-08-26,7.25,6.9933,68.5259,9.9687,79.2502,69.6614,134.083333,False
2018-08-27,7.25,7.07,68.5259,9.96871,79.2502,69.6614,134.08,False
2018-08-28,7.25,7.27,67.3963,9.8865,78.2269,68.5409,134.11,False
2018-08-29,7.25,7.1,67.3911,9.89968,78.76,68.9564,133.96,False
2018-08-30,7.25,7.2,68.1451,9.98887,79.5594,69.7779,133.83,False
2018-08-31,7.25,7.27,68.0821,9.96037,79.6765,70.1805,134.05,False
2018-09-01,7.25,7.2533,68.0821,9.9604,79.6765,70.1805,134.086667,False
2018-09-02,7.25,7.2367,68.0821,9.9604,79.6765,70.1805,134.123333,False
2018-09-03,7.25,7.22,68.0821,9.96037,79.6765,70.1805,134.16,False
2018-09-04,7.25,7.25,67.7443,9.93493,78.6376,69.8395,133.63,False
2018-09-05,7.25,7.28,68.2737,9.99147,79.02,70.125,132.83,False
2018-09-06,7.25,7.24,68.4628,10.0087,79.1362,70.2543,131.97,False
2018-09-07,7.25,7.2,68.2505,9.99231,79.3685,70.4049,131.11,False
2018-09-08,7.25,7.2167,68.2505,9.9923,79.3685,70.4049,130.913333,False
2018-09-09,7.25,7.2333,68.2505,9.9923,79.3685,70.4049,130.716667,False
2018-09-10,7.25,7.25,68.2505,9.99231,79.3685,70.4049,130.52,False
2018-09-11,7.25,7.25,69.8685,10.1775,80.6702,71.9774,131.72,False
2018-09-12,7.25,7.28,69.9744,10.1946,81.3942,71.8571,132.92,False
2018-09-13,7.25,7.22,69.5728,10.1304,80.6488,71.452,133.47,False
2018-09-14,7.25,7.19,68.637,10.0225,79.7699,70.7525,133.12,False
2018-09-15,7.25,7.2733,68.637,10.0225,79.7699,70.7525,132.98,False
2018-09-16,7.25,7.3567,68.637,10.0225,79.7699,70.7525,132.84,False
2018-09-17,7.5,7.44,68.637,10.0225,79.7699,70.7525,132.7,False
2018-09-18,7.5,7.33,68.1958,9.92733,79.3595,70.5961,133.17,False
2018-09-19,7.5,7.35,67.7519,9.86932,79.1749,70.4868,133.77,False
2018-09-20,7.5,7.31,67.0098,9.7776,78.3613,69.469,134.06,False
2018-09-21,7.5,7.42,66.4725,9.69962,77.7529,68.7907,134.14,False
2018-09-22,7.5,7.4433,66.4725,9.6996,77.7529,68.7907,134.25,False
2018-09-23,7.5,7.4667,66.4725,9.6996,77.7529,68.7907,134.36,False
2018-09-24,7.5,7.49,66.4725,9.69962,77.7529,68.7907,134.47,False
2018-09-25,7.5,7.5,66.1594,9.64831,77.6844,68.9807,134.41,False
2018-09-26,7.5,7.81,65.8244,9.57126,77.3832,68.1553,134.41,False
2018-09-27,7.5,7.6,65.7585,9.5664,77.3846,68.1576,134.65,False
2018-09-28,7.5,7.78,65.8355,9.57273,77.0407,67.9137,135.09,False
2018-09-29,7.5,7.72,65.8355,9.5727,77.0407,67.9137,135.13,False
2018-09-30,7.5,7.66,65.8355,9.5727,77.0407,67.9137,135.17,False
2018-10-01,7.5,7.6,65.8355,9.57273,77.0407,67.9137,135.21,False
2018-10-02,7.5,7.4,65.5745,9.54658,75.9877,66.6679,135.36,False
2018-10-03,7.5,7.5,65.2221,9.49528,75.2272,66.3501,135.04,False
2018-10-04,7.5,7.56,65.4244,9.52473,75.7353,66.3466,134.25,False
2018-10-05,7.5,7.75,66.2115,9.63932,76.0505,66.8196,133.87,False
2018-10-06,7.5,7.7433,66.2115,9.6393,76.0505,66.8196,133.643333,False
2018-10-07,7.5,7.7367,66.2115,9.6393,76.0505,66.8196,133.416667,False
2018-10-08,7.5,7.73,66.2115,9.63932,76.0505,66.8196,133.19,False
2018-10-09,7.5,7.63,66.9685,9.68635,76.987,67.5154,133.1,False
2018-10-10,7.5,7.54,66.4032,9.58836,76.211,66.7772,133.34,False
2018-10-11,7.5,7.6,66.1832,9.56501,76.071,66.6632,133.06,False
2018-10-12,7.5,7.6,66.7727,9.63976,77.0824,67.529,133.43,False
2018-10-13,7.5,7.5967,66.7727,9.6398,77.0824,67.529,133.54,False
2018-10-14,7.5,7.5933,66.7727,9.6398,77.0824,67.529,133.65,False
2018-10-15,7.5,7.59,66.7727,9.63976,77.0824,67.529,133.76,False
2018-10-16,7.5,7.55,65.7508,9.49196,76.054,66.3881,134.46,False
2018-10-17,7.5,7.4,65.5305,9.47137,75.9236,66.3063,134.49,False
2018-10-18,7.5,7.4,65.4026,9.44469,75.6512,65.9766,134.31,False
2018-10-19,7.5,7.52,65.7238,9.46892,75.5692,66.1471,134.28,False
2018-10-20,7.5,7.4867,65.7238,9.4689,75.5692,66.1471,134.45,False
2018-10-21,7.5,7.4533,65.7238,9.4689,75.5692,66.1471,134.62,False
2018-10-22,7.5,7.42,65.7238,9.46892,75.5692,66.1471,134.79,False
2018-10-23,7.5,7.27,65.3065,9.41464,75.3702,65.5293,134.68,False
2018-10-24,7.5,7.25,65.3101,9.41461,74.8584,65.5526,134.46,False
2018-10-25,7.5,7.19,65.6299,9.45649,75.0806,65.8472,134.26,False
2018-10-26,7.5,7.33,65.7476,9.46049,74.9851,65.8596,134.2,False
2018-10-27,7.5,7.2833,65.7476,9.4605,74.9851,65.8596,134.276667,False
2018-10-28,7.5,7.2367,65.7476,9.4605,74.9851,65.8596,134.353333,False
2018-10-29,7.5,7.19,65.7476,9.46049,74.9851,65.8596,134.43,False
2018-10-30,7.5,7.15,65.8129,9.46172,75.0399,65.859,134.3,False
2018-10-31,7.5,7.21,65.7742,9.44869,74.7918,65.5644,134.3,False
2018-11-01,7.5,6.87,65.5962,9.40623,74.4189,65.3218,134.25,False
2018-11-02,7.5,7.44,65.6517,9.44534,74.5803,65.3641,134.31,False
2018-11-03,7.5,7.44,65.6517,9.4453,74.5803,65.3641,134.31,False
2018-11-04,7.5,7.44,65.6517,9.4453,74.5803,65.3641,134.31,False
2018-11-05,7.5,7.44,65.6517,9.44534,74.5803,65.3641,134.31,False
2018-11-06,7.5,7.49,65.6517,9.44534,74.5803,65.3641,134.22,False
2018-11-07,7.5,7.42,65.9912,9.53961,75.3158,65.7217,134.06,False
2018-11-08,7.5,7.35,66.0918,9.54298,75.6817,66.1249,133.47,False
2018-11-09,7.5,7.42,66.2155,9.55629,75.6711,66.0965,132.77,False
2018-11-10,7.5,7.4233,66.2155,9.5563,75.6711,66.0965,132.62,False
2018-11-11,7.5,7.4267,66.2155,9.5563,75.6711,66.0965,132.47,False
2018-11-12,7.5,7.43,66.2155,9.55629,75.6711,66.0965,132.32,False
2018-11-13,7.5,7.47,67.5238,9.69195,76.0926,66.842,132.05,False
2018-11-14,7.5,7.48,67.6812,9.73382,76.0737,66.9514,132.97,False
2018-11-15,7.5,7.26,67.9975,9.78241,76.7556,67.4779,133.92,False
2018-11-16,7.5,7.07,66.6159,9.60465,75.5358,66.3241,134.04,False
2018-11-17,7.5,7.1467,66.6159,9.6046,75.5358,66.3241,134.026667,False
2018-11-18,7.5,7.2233,66.6159,9.6046,75.5358,66.3241,134.013333,False
2018-11-19,7.5,7.3,66.6159,9.60465,75.5358,66.3241,134.0,False
2018-11-20,7.5,7.18,66.0081,9.50701,75.3218,66.0543,133.76,False
2018-11-21,7.5,7.36,65.5871,9.45195,75.1825,66.1694,133.74,False
2018-11-22,7.5,7.12,65.9485,9.50335,75.1483,66.3199,133.82,False
2018-11-23,7.5,7.1,65.6067,9.45969,74.8048,65.9828,133.49,False
2018-11-24,7.5,7.2467,65.6067,9.4597,74.8048,65.9828,133.24,False
2018-11-25,7.5,7.3933,65.6067,9.4597,74.8048,65.9828,132.99,False
2018-11-26,7.5,7.54,65.6067,9.45969,74.8048,65.9828,132.74,False
2018-11-27,7.5,7.68,66.5072,9.58966,75.5655,66.7408,133.25,False
2018-11-28,7.5,7.56,66.78,9.61057,75.6217,66.8,133.27,False
2018-11-29,7.5,7.44,66.9436,9.62331,75.5191,66.9503,133.87,False
2018-11-30,7.5,7.57,66.6342,9.59373,75.8897,67.1445,133.95,False
2018-12-01,7.5,7.5467,66.6342,9.5937,75.8897,67.1445,134.096667,False
2018-12-02,7.5,7.5233,66.6342,9.5937,75.8897,67.1445,134.243333,False
2018-12-03,7.5,7.5,66.6342,9.59373,75.8897,67.1445,134.39,False
2018-12-04,7.5,7.44,66.2921,9.62373,75.3874,66.4916,134.3,False
2018-12-05,7.5,7.44,66.4467,9.70946,75.6562,66.6935,133.89,False
2018-12-06,7.5,7.47,66.8242,9.73319,75.7051,66.8509,133.74,False
2018-12-07,7.5,7.46,66.7377,9.69419,75.6071,66.8246,133.94,False
2018-12-08,7.5,7.4733,66.7377,9.6942,75.6071,66.8246,133.986667,False
2018-12-09,7.5,7.4867,66.7377,9.6942,75.6071,66.8246,134.033333,False
2018-12-10,7.5,7.5,66.7377,9.69419,75.6071,66.8246,134.08,False
2018-12-11,7.5,7.56,66.2416,9.58079,75.7075,66.9919,133.93,False
2018-12-12,7.5,7.49,66.5022,9.6394,75.6197,67.344,133.95,False
2018-12-13,7.5,7.49,66.4225,9.64182,75.2168,66.884,133.94,False
2018-12-14,7.5,7.51,66.255,9.64537,75.3916,66.7826,133.81,False
2018-12-15,7.5,7.5967,66.255,9.6454,75.3916,66.7826,133.776667,False
2018-12-16,7.5,7.6833,66.255,9.6454,75.3916,66.7826,133.743333,False
2018-12-17,7.75,7.77,66.255,9.64537,75.3916,66.7826,133.71,False
2018-12-18,7.75,7.66,66.6208,9.65379,75.3814,66.8079,133.5,False
2018-12-19,7.75,7.69,66.7454,9.67886,75.7761,67.3108,133.34,False
2018-12-20,7.75,7.62,67.1121,9.7326,76.4742,67.6943,133.83,False
2018-12-21,7.75,7.69,67.371,9.76745,76.9377,67.9623,133.68,False
2018-12-22,7.75,7.6733,67.371,9.7675,76.9377,67.9623,133.743333,False
2018-12-23,7.75,7.6567,67.371,9.7675,76.9377,67.9623,133.806667,False
2018-12-24,7.75,7.64,67.371,9.76745,76.9377,67.9623,133.87,False
2018-12-25,7.75,7.7,68.4073,9.91942,77.8886,68.8549,133.64,False
2018-12-26,7.75,7.69,68.7448,9.98284,78.4309,69.6714,133.77,False
2018-12-27,7.75,7.51,68.8865,10.0092,78.5237,69.7797,134.09,False
2018-12-28,7.75,7.29,68.8762,10.0211,78.388,69.3827,134.18,False
2018-12-29,7.75,7.29,68.8762,10.0211,78.388,69.3827,134.18,False
2018-12-30,7.75,7.29,68.8762,10.0211,78.388,69.3827,134.18,False
2018-12-31,7.75,7.29,68.8762,10.0211,78.388,69.3827,134.18,False
2019-01-01,7.75,7.29,68.8762,10.0211,78.388,69.3827,134.18,False
2019-01-02,7.75,7.29,68.8762,10.0211,78.388,69.3827,134.18,False
2019-01-03,7.75,7.35,68.6516,10.0211,78.2028,69.2607,134.41,False
2019-01-04,7.75,7.41,68.427,10.0211,78.0177,69.1387,134.52,False
2019-01-05,7.75,7.47,68.2024,10.0211,77.8325,69.0167,134.52,False
2019-01-06,7.75,7.53,67.9778,10.0211,77.6473,68.8946,134.52,False
2019-01-07,7.75,7.59,67.7533,10.0211,77.4621,68.7726,134.52,False
2019-01-08,7.75,7.65,67.5287,10.0211,77.2769,68.6506,134.59,False
2019-01-09,7.75,7.71,67.3041,10.0211,77.0918,68.5286,135.27,False
2019-01-10,7.75,7.68,67.0795,9.81498,76.9066,68.4066,135.54,False
2019-01-11,7.75,7.51,66.8605,9.86216,77.2105,68.6171,135.94,False
2019-01-12,7.75,7.5267,66.8605,9.8622,77.2105,68.6171,135.896667,False
2019-01-13,7.75,7.5433,66.8605,9.8622,77.2105,68.6171,135.853333,False
2019-01-14,7.75,7.56,66.8605,9.86216,77.2105,68.6171,135.81,False
2019-01-15,7.75,7.62,67.192,9.94318,77.0692,68.361,136.15,False
2019-01-16,7.75,7.57,67.082,9.93292,76.9498,68.2213,136.51,False
2019-01-17,7.75,7.6,66.7617,9.88257,76.135,67.5726,136.32,False
2019-01-18,7.75,7.66,66.4438,9.80937,75.633,66.9796,136.4,False
2019-01-19,7.75,7.6833,66.4438,9.8094,75.633,66.9796,136.42,False
2019-01-20,7.75,7.7067,66.4438,9.8094,75.633,66.9796,136.44,False
2019-01-21,7.75,7.73,66.4438,9.80937,75.633,66.9796,136.46,False
2019-01-22,7.75,7.74,66.3634,9.77355,75.5481,66.6835,136.28,False
2019-01-23,7.75,7.66,66.5499,9.77166,75.5541,66.7368,136.26,False
2019-01-24,7.75,7.68,66.3318,9.77135,75.3861,66.4647,136.44,False
2019-01-25,7.75,7.75,66.0016,9.71397,75.0306,66.2534,136.41,False
2019-01-26,7.75,7.7767,66.0016,9.714,75.0306,66.2534,136.37,False
2019-01-27,7.75,7.8033,66.0016,9.714,75.0306,66.2534,136.33,False
2019-01-28,7.75,7.83,66.0016,9.71397,75.0306,66.2534,136.29,False
2019-01-29,7.75,7.95,65.93,9.78262,75.1932,66.3814,136.11,False
2019-01-30,7.75,7.81,66.3412,9.85592,75.8811,66.9099,136.31,False
2019-01-31,7.75,7.84,66.0987,9.84681,75.5706,66.3708,137.15,False
2019-02-01,7.75,7.51,65.3577,9.74819,75.2006,65.8582,137.12,False
2019-02-02,7.75,7.5267,65.3577,9.7482,75.2006,65.8582,137.096667,False
2019-02-03,7.75,7.5433,65.3577,9.7482,75.2006,65.8582,137.073333,False
2019-02-04,7.75,7.56,65.3577,9.74819,75.2006,65.8582,137.05,False
2019-02-05,7.75,7.7,65.5859,9.72392,75.0565,65.8031,137.19,False
2019-02-06,7.75,7.65,65.5691,9.72143,74.9127,65.5757,137.26,False
2019-02-07,7.75,7.68,65.6686,9.73618,74.7703,65.6096,136.97,False
2019-02-08,7.75,7.64,66.0199,9.78827,74.9656,65.875,136.94,False
2019-02-09,7.75,7.64,66.0199,9.7883,74.9656,65.875,136.946667,False
2019-02-10,7.75,7.64,66.0199,9.7883,74.9656,65.875,136.953333,False
2019-02-11,7.75,7.64,66.0199,9.78827,74.9656,65.875,136.96,False
2019-02-12,7.75,7.63,65.6517,9.683,74.3243,65.6058,136.76,False
2019-02-13,7.75,7.54,65.7147,9.69343,74.1459,65.3358,136.56,False
2019-02-14,7.75,7.41,65.6783,9.71687,74.3872,65.2153,135.54,False
2019-02-15,7.75,7.56,66.5429,9.82879,75.0471,65.9494,136.12,False
2019-02-16,7.75,7.56,66.5429,9.8288,75.0471,65.9494,136.16,False
2019-02-17,7.75,7.56,66.5429,9.8288,75.0471,65.9494,136.2,False
2019-02-18,7.75,7.56,66.5429,9.82879,75.0471,65.9494,136.24,False
2019-02-19,7.75,7.56,66.247,9.78899,74.9055,65.9634,136.07,False
2019-02-20,7.75,7.42,66.2022,9.78194,74.8151,65.9122,135.99,False
2019-02-21,7.75,7.32,65.8568,9.79516,74.6816,65.7647,136.14,False
2019-02-22,7.75,7.12,65.5401,9.76636,74.2963,65.5139,136.18,False
2019-02-23,7.75,7.2067,65.5401,9.7664,74.2963,65.5139,136.27,False
2019-02-24,7.75,7.2933,65.5401,9.7664,74.2963,65.5139,136.36,False
2019-02-25,7.75,7.38,65.5401,9.76636,74.2963,65.5139,136.45,False
2019-02-26,7.75,7.46,65.2582,9.74847,74.0876,65.2974,136.28,False
2019-02-27,7.75,7.6,65.6182,9.79947,74.4898,65.5789,136.13,False
2019-02-28,7.75,7.7,65.757,9.83959,74.8249,65.8954,136.21,False
2019-03-01,7.75,7.69,65.8895,9.8544,74.9691,66.101,136.4,False
2019-03-02,7.75,7.64,65.8895,9.8544,74.9691,66.101,136.4,False
2019-03-03,7.75,7.59,65.8895,9.8544,74.9691,66.101,136.4,False
2019-03-04,7.75,7.54,65.8895,9.8544,74.9691,66.101,136.4,False
2019-03-05,7.75,7.66,65.7956,9.8217,74.7438,65.7036,136.29,False
2019-03-06,7.75,7.62,65.8004,9.81451,74.5058,65.7281,136.17,False
2019-03-07,7.75,7.66,65.843,9.81106,74.4158,65.5546,136.24,False
2019-03-08,7.75,7.66,65.9646,9.83519,74.573,65.656,136.24,False
2019-03-09,7.75,7.6733,65.9646,9.8352,74.573,65.656,136.26,False
2019-03-10,7.75,7.6867,65.9646,9.8352,74.573,65.656,136.28,False
2019-03-11,7.75,7.7,65.9646,9.83519,74.573,65.656,136.3,False
2019-03-12,7.75,7.7,66.0763,9.82416,74.2896,65.5519,136.34,False
2019-03-13,7.75,7.58,65.7674,9.79892,74.0672,65.1549,136.4,False
2019-03-14,7.75,7.47,65.589,9.77583,74.0237,65.1137,136.41,False
2019-03-15,7.75,7.51,65.4021,9.73666,74.0613,65.1675,136.44,False
2019-03-16,7.75,7.5033,65.4021,9.7367,74.0613,65.1675,136.6,False
2019-03-17,7.75,7.4967,65.4021,9.7367,74.0613,65.1675,136.76,False
2019-03-18,7.75,7.49,65.4021,9.73666,74.0613,65.1675,136.92,False
2019-03-19,7.75,7.59,64.6694,9.63504,73.361,64.5661,137.21,False
2019-03-20,7.75,7.57,64.3167,9.57792,72.9995,64.2974,137.02,False
2019-03-21,7.75,7.52,64.2803,9.59422,72.9389,64.261,137.69,False
2019-03-22,7.75,7.52,63.742,9.53137,72.787,64.1978,137.41,False
2019-03-23,7.75,7.5433,63.742,9.5314,72.787,64.1978,137.453333,False
2019-03-24,7.75,7.5667,63.742,9.5314,72.787,64.1978,137.496667,False
2019-03-25,7.75,7.59,63.742,9.53137,72.787,64.1978,137.54,False
2019-03-26,7.75,7.69,64.4993,9.60998,72.9229,64.8625,137.53,False
2019-03-27,7.75,7.69,64.1683,9.55995,72.5808,64.6011,137.25,False
2019-03-28,7.75,7.59,64.5925,9.60998,72.7182,64.904,136.8,False
2019-03-29,7.75,7.89,64.8012,9.63057,72.8884,65.0614,136.78,False
2019-03-30,7.75,7.8033,64.8012,9.6306,72.8884,65.0614,136.676667,False
2019-03-31,7.75,7.7167,64.8012,9.6306,72.8884,65.0614,136.573333,False
2019-04-01,7.75,7.63,64.8012,9.63057,72.8884,65.0614,136.47,False
2019-04-02,7.75,7.61,65.4176,9.74796,73.4967,65.7992,136.43,False
2019-04-03,7.75,7.63,65.4726,9.74092,73.3162,65.5119,136.44,False
2019-04-04,7.75,7.62,65.1639,9.7145,73.1725,65.3469,136.37,False
2019-04-05,7.75,7.78,65.3281,9.7239,73.4223,65.4393,136.61,False
2019-04-06,7.75,7.7333,65.3281,9.7239,73.4223,65.4393,136.656667,False
2019-04-07,7.75,7.6867,65.3281,9.7239,73.4223,65.4393,136.703333,False
2019-04-08,7.75,7.64,65.3281,9.7239,73.4223,65.4393,136.75,False
2019-04-09,7.75,7.59,65.3498,9.72438,73.3617,65.389,137.03,False
2019-04-10,7.75,7.55,64.7766,9.64957,72.9708,64.8609,137.14,False
2019-04-11,7.75,7.68,64.7373,9.63783,72.946,64.6856,137.36,False
2019-04-12,7.75,7.69,64.3991,9.58805,72.6551,64.3026,137.42,False
2019-04-13,7.75,7.7133,64.3991,9.5881,72.6551,64.3026,137.37,False
2019-04-14,7.75,7.7367,64.3991,9.5881,72.6551,64.3026,137.32,False
2019-04-15,7.75,7.76,64.3991,9.58805,72.6551,64.3026,137.27,False
2019-04-16,7.75,7.95,64.2469,9.58037,72.7018,64.1187,137.17,False
2019-04-17,7.75,7.52,64.2422,9.57738,72.6515,64.0118,137.27,False
2019-04-18,7.75,7.59,63.945,9.5633,72.3602,63.4375,137.09,False
2019-04-19,7.75,7.53,64.0688,9.55609,72.244,63.4093,137.13,False
2019-04-20,7.75,7.5167,64.0688,9.5561,72.244,63.4093,137.133333,False
2019-04-21,7.75,7.5033,64.0688,9.5561,72.244,63.4093,137.136667,False
2019-04-22,7.75,7.49,64.0688,9.55609,72.244,63.4093,137.14,False
2019-04-23,7.75,7.39,63.786,9.50229,71.721,62.8495,136.98,False
2019-04-24,7.75,7.42,63.7906,9.49434,71.7453,62.6504,136.98,False
2019-04-25,7.75,7.49,63.9798,9.52406,71.715,62.793,136.85,False
2019-04-26,7.75,7.57,64.6794,9.59251,72.1111,63.3367,136.97,False
2019-04-27,7.75,7.57,64.6794,9.5925,72.1111,63.3367,137.09,False
2019-04-28,7.75,7.57,64.6794,9.5925,72.1111,63.3367,137.21,False
2019-04-29,7.75,7.57,64.6794,9.59251,72.1111,63.3367,137.33,False
2019-04-30,7.75,7.57,64.6917,9.60502,72.2024,63.4543,137.62,False
2019-05-01,7.75,7.57,64.6314,9.59293,72.3096,63.4948,137.62,False
2019-05-02,7.75,7.57,64.6314,9.59293,72.3096,63.4948,137.74,False
2019-05-03,7.75,7.4975,64.6314,9.59293,72.3096,63.4948,137.69,False
2019-05-04,7.75,7.425,64.6314,9.5929,72.3096,63.4948,137.633333,False
2019-05-05,7.75,7.3525,64.6314,9.5929,72.3096,63.4948,137.576667,False
2019-05-06,7.75,7.28,64.6314,9.59293,72.3096,63.4948,137.52,False
2019-05-07,7.75,7.5,65.335,9.65594,73.1099,64.2366,137.57,False
2019-05-08,7.75,7.5,65.2166,9.646,73.0817,64.0194,137.65,False
2019-05-09,7.75,7.5,65.2287,9.63311,73.0888,64.0942,137.65,False
2019-05-10,7.75,7.5,65.2287,9.63311,73.0888,64.0942,137.61,False
2019-05-11,7.75,7.5467,65.2287,9.6331,73.0888,64.0942,137.59,False
2019-05-12,7.75,7.5933,65.2287,9.6331,73.0888,64.0942,137.57,False
2019-05-13,7.75,7.64,65.2287,9.63311,73.0888,64.0942,137.55,False
2019-05-14,7.75,7.7,65.4703,9.52642,73.5231,64.867,137.57,False
2019-05-15,7.75,7.65,65.3001,9.48413,73.3712,64.8269,137.73,False
2019-05-16,7.75,7.55,64.8489,9.43614,72.6891,64.4301,138.06,False
2019-05-17,7.75,7.57,64.5598,9.38042,72.3651,64.0093,138.29,False
2019-05-18,7.75,7.6,64.5598,9.3804,72.3651,64.0093,138.383333,False
2019-05-19,7.75,7.63,64.5598,9.3804,72.3651,64.0093,138.476667,False
2019-05-20,7.75,7.66,64.5598,9.38042,72.3651,64.0093,138.57,False
2019-05-21,7.75,7.67,64.4888,9.32647,71.9631,63.8187,138.71,False
2019-05-22,7.75,7.49,64.5372,9.33036,71.9654,63.8413,139.33,False
2019-05-23,7.75,7.46,64.4156,9.33181,71.8427,63.7463,139.13,False
2019-05-24,7.75,7.29,64.4913,9.32171,71.8369,63.8844,139.15,False
2019-05-25,7.75,7.3533,64.4913,9.3217,71.8369,63.8844,139.15,False
2019-05-26,7.75,7.4167,64.4913,9.3217,71.8369,63.8844,139.15,False
2019-05-27,7.75,7.48,64.4913,9.32171,71.8369,63.8844,139.15,False
2019-05-28,7.75,7.77,64.4636,9.34716,72.1863,64.0791,139.11,False
2019-05-29,7.75,7.84,64.5394,9.33527,72.168,64.2695,138.93,False
2019-05-30,7.75,7.93,64.9084,9.39381,72.4118,64.5469,139.23,False
2019-05-31,7.75,7.89,65.0583,9.42273,72.4229,64.4844,139.25,False
2019-06-01,7.75,7.8133,65.0583,9.4227,72.4229,64.4844,139.216667,False
2019-06-02,7.75,7.7367,65.0583,9.4227,72.4229,64.4844,139.183333,False
2019-06-03,7.75,7.66,65.0583,9.42273,72.4229,64.4844,139.15,False
2019-06-04,7.75,7.71,65.5547,9.48789,73.218,65.7586,139.38,False
2019-06-05,7.75,7.7,65.1614,9.42565,73.4239,65.6472,139.8,False
2019-06-06,7.75,7.81,65.1243,9.42587,73.369,65.6363,140.13,False
2019-06-07,7.75,7.64,65.234,9.43165,73.2708,65.608,140.35,False
2019-06-08,7.75,7.6267,65.234,9.4316,73.2708,65.608,140.423333,False
2019-06-09,7.75,7.6133,65.234,9.4316,73.2708,65.608,140.496667,False
2019-06-10,7.75,7.6,65.234,9.43165,73.2708,65.608,140.57,False
2019-06-11,7.75,7.59,64.7919,9.3457,73.2148,65.4199,140.67,False
2019-06-12,7.75,7.59,64.5158,9.33118,73.0448,65.1543,140.67,False
2019-06-13,7.75,7.55,64.5158,9.33118,73.0448,65.1543,140.56,False
2019-06-14,7.75,7.44,64.6314,9.33723,73.0141,65.0674,140.77,False
2019-06-15,7.75,7.4333,64.6314,9.3372,73.0141,65.0674,140.85,False
2019-06-16,7.75,7.4267,64.6314,9.3372,73.0141,65.0674,140.93,False
2019-06-17,7.5,7.42,64.6314,9.33723,73.0141,65.0674,141.01,False
2019-06-18,7.5,7.54,64.3187,9.28776,72.1077,64.4024,141.13,False
2019-06-19,7.5,7.53,64.3352,9.2884,72.2291,64.3803,141.81,False
2019-06-20,7.5,7.55,63.9794,9.267,71.6377,64.0755,142.55,False
2019-06-21,7.5,7.58,63.3877,9.25314,71.5457,64.1836,142.13,False
2019-06-22,7.5,7.5633,63.3877,9.2531,71.5457,64.1836,142.173333,False
2019-06-23,7.5,7.5467,63.3877,9.2531,71.5457,64.1836,142.216667,False
2019-06-24,7.5,7.53,63.3877,9.25314,71.5457,64.1836,142.26,False
2019-06-25,7.5,7.51,62.9095,9.14475,71.5973,64.4697,142.31,False
2019-06-26,7.5,7.54,62.5229,9.08684,71.2323,64.1129,142.06,False
2019-06-27,7.5,7.53,62.8083,9.12156,71.3816,64.3858,142.02,False
2019-06-28,7.5,7.54,63.0452,9.16768,71.6635,64.3844,142.19,False
2019-06-29,7.5,7.5233,63.0452,9.1677,71.6635,64.3844,142.28,False
2019-06-30,7.5,7.5067,63.0452,9.1677,71.6635,64.3844,142.37,False
2019-07-01,7.5,7.49,63.0452,9.16768,71.6635,64.3844,142.46,False
2019-07-02,7.5,7.4,63.0541,9.21211,71.3962,64.138,142.44,False
2019-07-03,7.5,7.34,63.2265,9.18683,71.408,64.0139,142.39,False
2019-07-04,7.5,7.37,63.4951,9.22358,71.6034,64.3249,142.61,False
2019-07-05,7.5,7.38,63.4013,9.22791,71.542,64.295,142.67,False
2019-07-06,7.5,7.3733,63.4013,9.2279,71.542,64.295,142.633333,False
2019-07-07,7.5,7.3667,63.4013,9.2279,71.542,64.295,142.596667,False
2019-07-08,7.5,7.36,63.4013,9.22791,71.542,64.295,142.56,False
2019-07-09,7.5,7.24,63.8699,9.28355,71.7067,64.476,142.69,False
2019-07-10,7.5,7.37,63.766,9.26145,71.4626,64.1574,142.84,False
2019-07-11,7.5,7.35,63.7988,9.272,71.5631,64.3587,142.99,False
2019-07-12,7.5,7.25,62.9944,9.17416,71.0073,63.8953,142.71,False
2019-07-13,7.5,7.2467,62.9944,9.1742,71.0073,63.8953,142.693333,False
2019-07-14,7.5,7.2433,62.9944,9.1742,71.0073,63.8953,142.676667,False
2019-07-15,7.5,7.24,62.9944,9.17416,71.0073,63.8953,142.66,False
2019-07-16,7.5,7.29,62.828,9.13716,70.8574,63.8691,142.63,False
2019-07-17,7.5,7.3,62.8129,9.1339,70.6771,63.8083,142.64,False
2019-07-18,7.5,7.38,62.9451,9.14926,70.5552,63.6581,142.54,False
2019-07-19,7.5,7.37,62.8286,9.1391,70.6068,63.7466,142.66,False
2019-07-20,7.5,7.36,62.8286,9.1391,70.6068,63.7466,142.786667,False
2019-07-21,7.5,7.35,62.8286,9.1391,70.6068,63.7466,142.913333,False
2019-07-22,7.5,7.34,62.8286,9.1391,70.6068,63.7466,143.04,False
2019-07-23,7.5,7.28,62.9776,9.15359,70.6546,64.1254,143.22,False
2019-07-24,7.5,7.19,63.129,9.17639,70.635,64.1229,143.45,False
2019-07-25,7.5,7.15,63.1162,9.18081,70.3241,63.9929,143.75,False
2019-07-26,7.5,7.11,63.1572,9.18637,70.294,64.041,143.52,False
2019-07-27,7.5,7.1233,63.1572,9.1864,70.294,64.041,143.423333,False
2019-07-28,7.5,7.1367,63.1572,9.1864,70.294,64.041,143.326667,False
2019-07-29,7.25,7.15,63.1572,9.18637,70.294,64.041,143.23,False
2019-07-30,7.25,7.27,63.521,9.21609,70.6417,63.9946,143.19,False
2019-07-31,7.25,7.35,63.3791,9.20632,70.598,63.9611,143.23,False
2019-08-01,7.25,7.24,63.4172,9.21052,70.7355,64.019,143.15,False
2019-08-02,7.25,7.19,63.834,9.24876,70.4727,64.1097,142.52,False
2019-08-03,7.25,7.14,63.834,9.2488,70.4727,64.1097,142.623333,False
2019-08-04,7.25,7.09,63.834,9.2488,70.4727,64.1097,142.726667,False
2019-08-05,7.25,7.04,63.834,9.24876,70.4727,64.1097,142.83,False
2019-08-06,7.25,7.02,65.0546,9.24662,72.3732,66.6406,143.15,False
2019-08-07,7.25,7.21,65.203,9.27193,73.073,66.8543,143.23,False
2019-08-08,7.25,7.11,65.0932,9.2437,72.8914,66.5711,143.37,False
2019-08-09,7.25,7.01,65.1299,9.24523,73.0432,66.8685,143.3,False
2019-08-10,7.25,7.0333,65.1299,9.2452,73.0432,66.8685,143.233333,False
2019-08-11,7.25,7.0567,65.1299,9.2452,73.0432,66.8685,143.166667,False
2019-08-12,7.25,7.08,65.1299,9.24523,73.0432,66.8685,143.1,False
2019-08-13,7.25,7.01,65.4287,9.25769,73.1231,67.1546,143.06,False
2019-08-14,7.25,7.02,65.6017,9.28335,73.4149,67.5192,143.07,False
2019-08-15,7.25,7.02,65.2032,9.29231,72.9037,66.9369,142.99,False
2019-08-16,7.25,7.05,65.8907,9.37225,73.455,67.5941,143.14,False
2019-08-17,7.25,7.06,65.8907,9.3722,73.455,67.5941,143.103333,False
2019-08-18,7.25,7.07,65.8907,9.3722,73.455,67.5941,143.066667,False
2019-08-19,7.25,7.08,65.8907,9.37225,73.455,67.5941,143.03,False
2019-08-20,7.25,7.1,66.6082,9.45562,73.9484,68.0926,143.21,False
2019-08-21,7.25,7.02,66.784,9.4552,73.9766,68.1539,143.76,False
2019-08-22,7.25,7.01,66.263,9.38118,73.4989,67.7051,143.9,False
2019-08-23,7.25,6.99,65.6196,9.26059,72.8312,66.802,143.88,False
2019-08-24,7.25,7.0233,65.6196,9.2606,72.8312,66.802,143.866667,False
2019-08-25,7.25,7.0567,65.6196,9.2606,72.8312,66.802,143.853333,False
2019-08-26,7.25,7.09,65.6196,9.26059,72.8312,66.802,143.84,False
2019-08-27,7.25,7.23,65.9735,9.22397,73.3955,67.4852,143.77,False
2019-08-28,7.25,7.18,66.2608,9.24488,73.6091,67.6062,143.95,False
2019-08-29,7.25,7.1,66.4127,9.27034,73.6583,67.6163,144.14,False
2019-08-30,7.25,7.09,66.7471,9.3333,73.9558,67.9636,144.51,False
2019-08-31,7.25,7.0833,66.7471,9.3333,73.9558,67.9636,144.613333,False
2019-09-01,7.25,7.0767,66.7471,9.3333,73.9558,67.9636,144.716667,False
2019-09-02,7.25,7.07,66.7471,9.3333,73.9558,67.9636,144.82,False
2019-09-03,7.25,7.2,66.6235,9.28978,73.1726,67.2761,144.7,False
2019-09-04,7.25,6.95,66.9072,9.32063,73.2032,67.4944,145.27,False
2019-09-05,7.25,6.87,66.5002,9.29527,73.0638,67.3352,145.2,False
2019-09-06,7.25,6.9,66.0528,9.24423,72.8761,67.2293,145.27,False
2019-09-07,7.25,6.8867,66.0528,9.2442,72.8761,67.2293,145.22,False
2019-09-08,7.25,6.8733,66.0528,9.2442,72.8761,67.2293,145.17,False
2019-09-09,7.0,6.86,66.0528,9.24423,72.8761,67.2293,145.12,False
2019-09-10,7.0,6.92,65.5698,9.19697,72.33,66.2455,145.01,False
2019-09-11,7.0,6.75,65.4393,9.21019,72.3039,66.0203,145.02,False
2019-09-12,7.0,6.79,65.4321,9.19339,72.224,65.8337,145.27,False
2019-09-13,7.0,6.84,65.1909,9.19658,71.8273,65.8361,145.34,False
2019-09-14,7.0,6.82,65.1909,9.1966,71.8273,65.8361,145.31,False
2019-09-15,7.0,6.8,65.1909,9.1966,71.8273,65.8361,145.28,False
2019-09-16,7.0,6.78,65.1909,9.19658,71.8273,65.8361,145.25,False
2019-09-17,7.0,6.77,63.8272,9.03518,70.6695,64.4394,144.95,False
2019-09-18,7.0,6.77,64.1213,9.03919,70.604,64.5408,144.98,False
2019-09-19,7.0,6.76,64.429,9.08961,71.2391,64.7528,145.17,False
2019-09-20,7.0,6.76,64.2199,9.0462,70.9373,64.7182,145.2,False
2019-09-21,7.0,6.75,64.2199,9.0462,70.9373,64.7182,145.18,False
2019-09-22,7.0,6.74,64.2199,9.0462,70.9373,64.7182,145.16,False
2019-09-23,7.0,6.73,64.2199,9.0462,70.9373,64.7182,145.14,False
2019-09-24,7.0,6.68,63.9453,8.97314,70.2759,64.5847,145.15,False
2019-09-25,7.0,6.79,63.706,8.96296,70.0193,64.2651,145.1,False
2019-09-26,7.0,6.8,64.1873,9.00988,70.5868,65.1119,145.2,False
2019-09-27,7.0,6.8,64.2888,9.01413,70.3834,64.7224,145.17,False
2019-09-28,7.0,6.8233,64.2888,9.0141,70.3834,64.7224,145.16,False
2019-09-29,7.0,6.8467,64.2888,9.0141,70.3834,64.7224,145.15,False
2019-09-30,7.0,6.87,64.2888,9.01413,70.3834,64.7224,145.14,False
2019-10-01,7.0,6.88,64.6407,9.05484,70.7169,65.0898,145.11,False
2019-10-02,7.0,6.88,65.067,9.10232,70.8449,65.041,145.1,False
2019-10-03,7.0,6.89,65.4399,9.15448,71.4669,65.5251,145.13,False
2019-10-04,7.0,6.84,65.1312,9.1113,71.2991,65.1182,145.41,False
2019-10-05,7.0,6.8733,65.1312,9.1113,71.2991,65.1182,145.626667,False
2019-10-06,7.0,6.9067,65.1312,9.1113,71.2991,65.1182,145.843333,False
2019-10-07,7.0,6.94,65.1312,9.1113,71.2991,65.1182,146.06,False
2019-10-08,7.0,6.99,64.8259,9.06859,71.1464,65.2303,146.23,False
2019-10-09,7.0,6.82,64.8672,9.09778,71.2372,65.3311,146.35,False
2019-10-10,7.0,6.81,65.0976,9.12549,71.4511,65.5301,147.06,False
2019-10-11,7.0,6.75,64.7416,9.08654,71.2999,65.2374,147.41,False
2019-10-12,7.0,6.7567,64.7416,9.0865,71.2999,65.2374,147.456667,False
2019-10-13,7.0,6.7633,64.7416,9.0865,71.2999,65.2374,147.503333,False
2019-10-14,7.0,6.77,64.7416,9.08654,71.2999,65.2374,147.55,False
2019-10-15,7.0,6.8,64.3652,9.10824,70.9305,64.5524,147.64,False
2019-10-16,7.0,6.85,64.2548,9.07772,70.8473,64.3256,147.62,False
2019-10-17,7.0,6.78,64.3455,9.05879,71.0503,64.5132,147.69,False
2019-10-18,7.0,6.74,64.0144,9.03673,70.9023,64.4851,148.31,False
2019-10-19,7.0,6.72,64.0144,9.0367,70.9023,64.4851,148.463333,False
2019-10-20,7.0,6.7,64.0144,9.0367,70.9023,64.4851,148.616667,False
2019-10-21,7.0,6.68,64.0144,9.03673,70.9023,64.4851,148.77,False
2019-10-22,7.0,6.6,63.7606,9.02039,71.1696,64.7447,148.99,False
2019-10-23,7.0,6.63,63.6336,8.98526,70.9196,64.3739,149.31,False
2019-10-24,7.0,6.65,63.7997,9.01839,70.9644,64.4572,149.01,False
2019-10-25,7.0,6.67,63.86,9.03253,71.14,64.453,149.51,False
2019-10-26,7.0,6.6567,63.86,9.0325,71.14,64.453,149.633333,False
2019-10-27,7.0,6.6433,63.86,9.0325,71.14,64.453,149.756667,False
2019-10-28,6.5,6.63,63.86,9.03253,71.14,64.453,149.88,False
2019-10-29,6.5,6.74,63.87,9.04482,70.8382,64.191,149.76,False
2019-10-30,6.5,6.56,63.832,9.03637,70.7769,64.0948,149.78,False
2019-10-31,6.5,6.51,63.8734,9.04863,71.0081,64.382,149.41,False
2019-11-01,6.5,6.4,63.7748,9.0651,71.1918,64.569,149.63,False
2019-11-02,6.5,6.4,63.7748,9.0651,71.1918,64.569,149.63,False
2019-11-03,6.5,6.4,63.7748,9.0651,71.1918,64.569,149.63,False
2019-11-04,6.5,6.4,63.7748,9.0651,71.1918,64.569,149.63,False
2019-11-05,6.5,6.26,63.7748,9.0651,71.1918,64.569,150.09,False
2019-11-06,6.5,6.37,63.248,9.03672,70.4203,63.9515,150.01,False
2019-11-07,6.5,6.42,63.588,9.08517,70.4301,64.0621,150.12,False
2019-11-08,6.5,6.41,63.7298,9.11898,70.5489,64.192,149.98,False
2019-11-09,6.5,6.3967,63.7298,9.119,70.5489,64.192,149.84,False
2019-11-10,6.5,6.3833,63.7298,9.119,70.5489,64.192,149.7,False
2019-11-11,6.5,6.37,63.7298,9.11898,70.5489,64.192,149.56,False
2019-11-12,6.5,6.37,63.9121,9.12131,70.4759,64.1301,149.31,False
2019-11-13,6.5,6.4,63.853,9.11756,70.4235,64.1932,148.93,False
2019-11-14,6.5,6.49,64.2009,9.15038,70.6724,64.7317,149.19,False
2019-11-15,6.5,6.45,64.2101,9.14674,70.6761,65.0097,149.4,False
2019-11-16,6.5,6.46,64.2101,9.1467,70.6761,65.0097,149.433333,False
2019-11-17,6.5,6.47,64.2101,9.1467,70.6761,65.0097,149.466667,False
2019-11-18,6.5,6.48,64.2101,9.14674,70.6761,65.0097,149.5,False
2019-11-19,6.5,6.48,63.7542,9.09164,70.5313,64.3852,149.77,False
2019-11-20,6.5,6.52,63.773,9.07969,70.6286,64.3977,149.88,False
2019-11-21,6.5,6.48,64.0213,9.0982,70.8524,64.5897,149.97,False
2019-11-22,6.5,6.45,63.843,9.07183,70.6997,64.4553,150.02,False
2019-11-23,6.5,6.46,63.843,9.0718,70.6997,64.4553,149.97,False
2019-11-24,6.5,6.47,63.843,9.0718,70.6997,64.4553,149.92,False
2019-11-25,6.5,6.48,63.843,9.07183,70.6997,64.4553,149.87,False
2019-11-26,6.5,6.53,63.7637,9.06739,70.3122,63.9556,149.8,False
2019-11-27,6.5,6.51,64.0239,9.09909,70.5159,64.1201,149.82,False
2019-11-28,6.5,6.52,63.9722,9.10468,70.4398,64.1004,149.68,False
2019-11-29,6.5,6.54,64.1005,9.11464,70.5747,64.1711,149.55,False
2019-11-30,6.5,6.5267,64.1005,9.1146,70.5747,64.1711,149.48,False
2019-12-01,6.5,6.5133,64.1005,9.1146,70.5747,64.1711,149.41,False
2019-12-02,6.5,6.5,64.1005,9.11464,70.5747,64.1711,149.34,False
2019-12-03,6.5,6.52,64.4097,9.14339,70.973,64.4097,149.5,False
2019-12-04,6.5,6.5,64.1401,9.10215,71.0608,64.7749,149.63,False
2019-12-05,6.5,6.38,64.1948,9.08002,71.1086,65.0997,149.64,False
2019-12-06,6.5,6.3,63.8135,9.06081,70.7245,64.5363,149.68,False
2019-12-07,6.5,6.3067,63.8135,9.0608,70.7245,64.5363,149.68,False
2019-12-08,6.5,6.3133,63.8135,9.0608,70.7245,64.5363,149.68,False
2019-12-09,6.5,6.32,63.8135,9.06081,70.7245,64.5363,149.68,False
2019-12-10,6.5,6.26,63.7244,9.05099,70.5047,64.3356,149.7,False
2019-12-11,6.5,6.26,63.5788,9.03339,70.3881,64.4162,149.67,False
2019-12-12,6.5,6.05,63.5653,9.03057,70.4558,64.5071,149.91,False
2019-12-13,6.5,6.0,63.2257,8.98973,70.4271,64.3846,150.18,False
2019-12-14,6.5,6.0,63.2257,8.9897,70.4271,64.3846,150.163333,False
2019-12-15,6.5,6.0,63.2257,8.9897,70.4271,64.3846,150.146667,False
2019-12-16,6.25,6.0,63.2257,8.98973,70.4271,64.3846,150.13,False
2019-12-17,6.25,6.0,62.7686,8.96259,69.9431,63.8217,150.25,False
2019-12-18,6.25,6.01,62.5326,8.92978,69.6801,63.5882,150.21,False
2019-12-19,6.25,6.03,62.5831,8.9407,69.6925,63.7692,150.05,False
2019-12-20,6.25,6.08,62.5283,8.9228,69.5877,63.7849,149.99,False
2019-12-21,6.25,6.0867,62.5283,8.9228,69.5877,63.7849,149.996667,False
2019-12-22,6.25,6.0933,62.5283,8.9228,69.5877,63.7849,150.003333,False
2019-12-23,6.25,6.1,62.5283,8.9228,69.5877,63.7849,150.01,False
2019-12-24,6.25,6.19,62.2499,8.87636,68.9978,63.4685,150.18,False
2019-12-25,6.25,6.18,62.1673,8.87116,68.9062,63.3004,150.31,False
2019-12-26,6.25,6.2,61.7164,8.83847,68.4065,62.9438,150.41,False
2019-12-27,6.25,6.25,61.7676,8.82558,68.5003,63.0217,150.45,False
2019-12-28,6.25,6.28,61.7676,8.8256,68.5003,63.0217,150.49,False
2019-12-29,6.25,6.31,61.7676,8.8256,68.5003,63.0217,150.53,False
2019-12-30,6.25,6.34,61.7676,8.82558,68.5003,63.0217,150.57,False
2019-12-31,6.25,6.34,61.9057,8.85937,69.3406,63.6039,150.57,False
2020-01-01,6.25,6.34,61.9057,8.88696,69.3777,63.8994,150.57,False
2020-01-02,6.25,6.34,61.9057,8.88696,69.3777,63.8994,150.57,False
2020-01-03,6.25,6.3243,61.9057,8.88696,69.3777,63.8994,150.73,False
2020-01-04,6.25,6.3086,61.9057,8.887,69.3777,63.8994,150.696667,False
2020-01-05,6.25,6.2929,61.9057,8.887,69.3777,63.8994,150.663333,False
2020-01-06,6.25,6.2771,61.9057,8.88696,69.3777,63.8994,150.63,False
2020-01-07,6.25,6.2614,61.7378,8.88696,69.0472,63.6417,150.63,False
2020-01-08,6.25,6.2457,61.5699,8.88696,68.7166,63.384,150.6,False
2020-01-09,6.25,6.23,61.4019,8.88696,68.386,63.1263,150.69,False
2020-01-10,6.25,6.2,61.234,8.83493,68.0555,62.8686,151.13,False
2020-01-11,6.25,6.1433,61.234,8.8349,68.0555,62.8686,151.376667,False
2020-01-12,6.25,6.0867,61.234,8.8349,68.0555,62.8686,151.623333,False
2020-01-13,6.25,6.03,61.234,8.83493,68.0555,62.8686,151.87,False
2020-01-14,6.25,5.95,60.9474,8.84,67.8162,62.6386,151.84,False
2020-01-15,6.25,6.03,61.414,8.91971,68.4213,63.3265,151.57,False
2020-01-16,6.25,6.05,61.4328,8.92024,68.3747,63.5293,151.68,False
2020-01-17,6.25,6.06,61.5694,8.94215,68.656,63.9284,151.78,False
2020-01-18,6.25,6.06,61.5694,8.9421,68.656,63.9284,151.806667,False
2020-01-19,6.25,6.06,61.5694,8.9421,68.656,63.9284,151.833333,False
2020-01-20,6.25,6.06,61.5694,8.94215,68.656,63.9284,151.86,False
2020-01-21,6.25,6.04,61.4654,8.95866,68.2082,63.4776,151.72,False
2020-01-22,6.25,6.03,61.8552,8.95518,68.6222,63.9,151.72,False
2020-01-23,6.25,6.01,61.8343,8.95838,68.5186,63.6614,151.86,False
2020-01-24,6.25,6.0,61.9515,8.93909,68.6856,63.9797,151.85,False
2020-01-25,6.25,6.0233,61.9515,8.9391,68.6856,63.9797,151.703333,False
2020-01-26,6.25,6.0467,61.9515,8.9391,68.6856,63.9797,151.556667,False
2020-01-27,6.25,6.07,61.9515,8.93909,68.6856,63.9797,151.41,False
2020-01-28,6.25,6.21,62.338,8.98669,68.7775,64.1734,151.29,False
2020-01-29,6.25,6.16,62.8299,9.05761,69.226,64.7731,151.47,False
2020-01-30,6.25,6.16,62.3934,8.99468,68.6764,64.0721,151.38,False
2020-01-31,6.25,6.13,63.0359,9.0873,69.4151,64.9185,151.42,False
2020-02-01,6.25,6.1033,63.0359,9.0873,69.4151,64.9185,151.353333,False
2020-02-02,6.25,6.0767,63.0359,9.0873,69.4151,64.9185,151.286667,False
2020-02-03,6.25,6.05,63.0359,9.0873,69.4151,64.9185,151.22,False
2020-02-04,6.25,6.04,63.9091,9.09738,70.7921,66.3164,151.42,False
2020-02-05,6.25,6.04,63.4342,9.07447,70.1265,65.4366,151.72,False
2020-02-06,6.25,6.04,63.1742,9.02489,69.7443,65.2356,151.69,False
2020-02-07,6.25,6.04,62.7977,9.00958,69.0837,64.4608,151.93,False
2020-02-08,6.25,6.0267,62.7977,9.0096,69.0837,64.4608,151.95,False
2020-02-09,6.25,6.0133,62.7977,9.0096,69.0837,64.4608,151.97,False
2020-02-10,6.0,6.0,62.7977,9.00958,69.0837,64.4608,151.99,False
2020-02-11,6.0,5.94,63.7708,9.12994,69.8226,65.2453,152.11,False
2020-02-12,6.0,5.79,63.949,9.16542,69.7684,65.3675,152.34,False
2020-02-13,6.0,5.76,63.047,9.04185,68.7843,64.6172,152.52,False
2020-02-14,6.0,5.8,63.6016,9.11159,69.1795,65.0989,152.76,False
2020-02-15,6.0,5.7967,63.6016,9.1116,69.1795,65.0989,152.79,False
2020-02-16,6.0,5.7933,63.6016,9.1116,69.1795,65.0989,152.82,False
2020-02-17,6.0,5.79,63.6016,9.11159,69.1795,65.0989,152.85,False
2020-02-18,6.0,5.78,63.3085,9.06947,68.6201,64.4952,152.8,False
2020-02-19,6.0,5.76,63.7698,9.10373,69.0882,65.0579,153.08,False
2020-02-20,6.0,5.77,63.6873,9.10625,68.7823,64.7953,153.38,False
2020-02-21,6.0,5.75,63.7413,9.08488,68.7705,64.7975,153.05,False
2020-02-22,6.0,5.75,63.7413,9.0849,68.7705,64.7975,153.05,False
2020-02-23,6.0,5.75,63.7413,9.0849,68.7705,64.7975,153.05,False
2020-02-24,6.0,5.75,63.7413,9.08488,68.7705,64.7975,153.05,False
2020-02-25,6.0,5.75,63.7413,9.08488,68.7705,64.7975,152.72,False
2020-02-26,6.0,5.93,64.9213,9.25319,70.4591,66.3817,152.18,False
2020-02-27,6.0,5.97,65.5177,9.33593,71.2439,67.1976,151.73,False
2020-02-28,6.0,6.04,65.6097,9.35091,71.6458,67.5066,149.32,False
2020-02-29,6.0,6.0133,65.6097,9.3509,71.6458,67.5066,149.596667,False
2020-03-01,6.0,5.9867,65.6097,9.3509,71.6458,67.5066,149.873333,False
2020-03-02,6.0,5.96,65.6097,9.35091,71.6458,67.5066,150.15,False
2020-03-03,6.0,5.92,66.3274,9.53363,73.4178,68.8258,151.24,False
2020-03-04,6.0,5.9,66.4437,9.51779,73.9385,69.335,152.61,False
2020-03-05,6.0,5.91,66.0784,9.53017,73.7369,69.2355,152.75,False
2020-03-06,6.0,5.91,66.1854,9.53392,73.6842,69.2026,149.9,False
2020-03-07,6.0,5.91,66.1854,9.5339,73.6842,69.2026,149.9,False
2020-03-08,6.0,5.91,66.1854,9.5339,73.6842,69.2026,149.9,False
2020-03-09,6.0,5.91,66.1854,9.53392,73.6842,69.2026,149.9,False
2020-03-10,6.0,6.35,66.1854,9.53392,73.6842,69.2026,145.37,False
2020-03-11,6.0,5.8,72.0208,10.3666,81.8588,77.4584,144.91,False
2020-03-12,6.0,5.54,71.472,10.2829,81.0207,76.457,140.22,False
2020-03-13,6.0,5.43,74.0274,10.5985,83.6584,79.0638,140.31,False
2020-03-14,6.0,5.4367,74.0274,10.5985,83.6584,79.0638,139.72,False
2020-03-15,6.0,5.4433,74.0274,10.5985,83.6584,79.0638,139.13,False
2020-03-16,6.0,5.45,74.0274,10.5985,83.6584,79.0638,138.54,False
2020-03-17,6.0,5.44,74.1262,10.5928,82.7471,78.732,138.63,False
2020-03-18,6.0,5.56,73.8896,10.5398,82.3056,77.754,137.04,False
2020-03-19,6.0,5.63,77.2131,10.9906,84.8881,80.2798,137.63,False
2020-03-20,6.0,5.81,80.157,11.3037,87.2669,82.5,140.68,False
2020-03-21,6.0,5.85,80.157,11.3037,87.2669,82.5,140.716667,False
2020-03-22,6.0,5.89,80.157,11.3037,87.2669,82.5,140.753333,False
2020-03-23,6.0,5.93,80.157,11.3037,87.2669,82.5,140.79,False
2020-03-24,6.0,5.95,80.8815,11.3634,86.705,82.0466,144.37,False
2020-03-25,6.0,5.93,78.8493,11.1405,85.4253,80.689,144.37,False
2020-03-26,6.0,5.97,77.7928,10.956,84.1485,79.2591,144.85,False
2020-03-27,6.0,6.16,78.7223,11.0961,85.9648,80.8818,145.75,False
2020-03-28,6.0,6.19,78.7223,11.0961,85.9648,80.8818,145.586667,False
2020-03-29,6.0,6.22,78.7223,11.0961,85.9648,80.8818,145.423333,False
2020-03-30,6.0,6.25,78.7223,11.0961,85.9648,80.8818,145.26,False
2020-03-31,6.0,5.69,78.7223,11.0961,85.9648,80.8818,146.92,False
2020-04-01,6.0,5.2,78.7223,11.0961,85.9648,80.8818,146.6,False
2020-04-02,6.0,5.56,78.3365,11.0961,85.4098,80.4332,146.44,False
2020-04-03,6.0,5.75,77.9507,11.0961,84.8547,79.9846,146.89,False
2020-04-04,6.0,5.8,77.5649,11.0961,84.2997,79.5359,147.053333,False
2020-04-05,6.0,5.85,77.179,11.0961,83.7447,79.0873,147.216667,False
2020-04-06,6.0,5.9,76.7932,11.0961,83.1896,78.6387,147.38,False
2020-04-07,6.0,5.85,76.4074,10.7725,82.6346,78.1901,147.57,False
2020-04-08,6.0,5.82,75.455,10.696,82.012,77.5408,147.37,False
2020-04-09,6.0,5.97,75.7499,10.7178,82.2341,77.916,147.77,False
2020-04-10,6.0,6.09,74.605,10.5694,81.0882,76.849,147.89,False
2020-04-11,6.0,6.0733,74.605,10.5694,81.0882,76.849,147.916667,False
2020-04-12,6.0,6.0567,74.605,10.5694,81.0882,76.849,147.943333,False
2020-04-13,6.0,6.04,74.605,10.5694,81.0882,76.849,147.97,False
2020-04-14,6.0,5.99,73.5245,10.4312,80.5387,76.1202,147.96,False
2020-04-15,6.0,6.0,73.315,10.3834,80.1186,75.9347,147.46,False
2020-04-16,6.0,6.04,73.7145,10.438,80.6731,76.4911,148.02,False
2020-04-17,6.0,6.15,74.7119,10.5615,81.2791,77.2775,150.02,False
2020-04-18,6.0,6.1533,74.7119,10.5615,81.2791,77.2775,150.533333,False
2020-04-19,6.0,6.1567,74.7119,10.5615,81.2791,77.2775,151.046667,False
2020-04-20,6.0,6.16,74.7119,10.5615,81.2791,77.2775,151.56,False
2020-04-21,6.0,6.31,74.6657,10.553,81.1019,77.134,150.57,False
2020-04-22,6.0,6.37,76.2562,10.758,82.616,78.5499,151.23,False
2020-04-23,6.0,6.27,77.0416,10.8759,83.6826,79.4243,152.23,False
2020-04-24,6.0,5.88,75.129,10.6125,81.1468,77.1662,152.78,False
2020-04-25,6.0,5.7667,75.129,10.6125,81.1468,77.1662,152.766667,False
2020-04-26,6.0,5.6533,75.129,10.6125,81.1468,77.1662,152.753333,False
2020-04-27,5.5,5.54,75.129,10.6125,81.1468,77.1662,152.74,False
2020-04-28,5.5,5.55,74.496,10.5159,80.7611,76.6104,152.77,False
2020-04-29,5.5,5.79,74.5706,10.525,80.7749,76.4435,152.72,False
2020-04-30,5.5,5.75,73.6894,10.4153,80.0488,75.8277,152.71,False
2020-05-01,5.5,5.75,72.7263,10.313,79.1189,74.829,152.71,False
2020-05-02,5.5,5.75,72.7263,10.313,79.1189,74.829,152.753333,False
2020-05-03,5.5,5.75,72.7263,10.313,79.1189,74.829,152.796667,False
2020-05-04,5.5,5.75,72.7263,10.313,79.1189,74.829,152.84,False
2020-05-05,5.5,5.75,72.7263,10.313,79.1189,74.829,153.03,False
2020-05-06,5.5,5.5,72.7263,10.313,79.1189,74.829,152.83,False
2020-05-07,5.5,5.41,73.9719,10.4265,80.0598,75.7986,152.85,False
2020-05-08,5.5,5.21,74.1169,10.4508,80.0611,75.994,153.43,False
2020-05-09,5.5,5.21,74.1169,10.4508,80.0611,75.994,153.43,False
2020-05-10,5.5,5.21,74.1169,10.4508,80.0611,75.994,153.43,False
2020-05-11,5.5,5.21,74.1169,10.4508,80.0611,75.994,153.43,False
2020-05-12,5.5,5.39,74.1169,10.4508,80.0611,75.994,154.43,False
2020-05-13,5.5,5.54,73.4326,10.3576,79.4394,75.5479,154.64,False
2020-05-14,5.5,5.54,73.5819,10.372,79.7775,75.8264,154.83,False
2020-05-15,5.5,5.43,73.9298,10.4206,79.9033,76.0125,156.31,False
2020-05-16,5.5,5.4333,73.9298,10.4206,79.9033,76.0125,156.686667,False
2020-05-17,5.5,5.4367,73.9298,10.4206,79.9033,76.0125,157.063333,False
2020-05-18,5.5,5.44,73.9298,10.4206,79.9033,76.0125,157.44,False
2020-05-19,5.5,5.45,72.9798,10.2583,78.9422,75.0898,157.3,False
2020-05-20,5.5,5.47,72.3918,10.1857,79.1677,74.4312,157.47,False
2020-05-21,5.5,5.48,72.3381,10.1791,79.1813,74.6986,157.55,False
2020-05-22,5.5,5.5,70.924,9.98916,77.7965,73.3975,157.3,False
2020-05-23,5.5,5.5,70.924,9.9892,77.7965,73.3975,157.303333,False
2020-05-24,5.5,5.5,70.924,9.9892,77.7965,73.3975,157.306667,False
2020-05-25,5.5,5.5,70.924,9.98916,77.7965,73.3975,157.31,False
2020-05-26,5.5,5.51,71.5962,10.028,77.8823,73.5905,157.31,False
2020-05-27,5.5,5.51,71.1408,9.96942,77.7854,73.341,156.96,False
2020-05-28,5.5,5.54,71.0635,9.93312,77.9069,73.2085,156.82,False
2020-05-29,5.5,5.59,71.1012,9.93089,78.2611,73.2624,156.91,False
2020-05-30,5.5,5.5633,71.1012,9.9309,78.2611,73.2624,156.976667,False
2020-05-31,5.5,5.5367,71.1012,9.9309,78.2611,73.2624,157.043333,False
2020-06-01,5.5,5.51,71.1012,9.93089,78.2611,73.2624,157.11,False
2020-06-02,5.5,5.43,69.7114,9.77322,77.6376,72.6766,157.21,False
2020-06-03,5.5,5.41,68.9831,9.70117,76.7782,72.0074,157.02,False
2020-06-04,5.5,5.42,68.3413,9.61038,76.6243,70.9818,156.28,False
2020-06-05,5.5,5.38,69.0151,9.69068,77.3245,71.7711,156.01,False
2020-06-06,5.5,5.33,69.0151,9.6907,77.3245,71.7711,155.946667,False
2020-06-07,5.5,5.28,69.0151,9.6907,77.3245,71.7711,155.883333,False
2020-06-08,5.5,5.23,69.0151,9.69068,77.3245,71.7711,155.82,False
2020-06-09,5.5,5.23,68.3123,9.6549,77.1861,70.9738,155.75,False
2020-06-10,5.5,5.25,68.6745,9.68802,77.3481,71.8954,156.34,False
2020-06-11,5.5,5.13,68.6183,9.71023,77.9229,72.5045,156.26,False
2020-06-12,5.5,5.13,69.1219,9.77624,78.5225,73.4168,156.26,False
2020-06-13,5.5,5.1267,69.1219,9.7762,78.5225,73.4168,156.223333,False
2020-06-14,5.5,5.1233,69.1219,9.7762,78.5225,73.4168,156.186667,False
2020-06-15,5.5,5.12,69.1219,9.77624,78.5225,73.4168,156.15,False
2020-06-16,5.5,5.12,70.395,9.92248,79.1451,73.8822,156.56,False
2020-06-17,5.5,4.97,69.7524,9.84911,79.0434,73.5397,156.85,False
2020-06-18,5.5,4.89,69.4822,9.80639,78.3829,73.1546,157.04,False
2020-06-19,5.5,4.75,69.618,9.83166,78.2924,73.3439,157.44,False
2020-06-20,5.5,4.6667,69.618,9.8317,78.2924,73.3439,157.26,False
2020-06-21,5.5,4.5833,69.618,9.8317,78.2924,73.3439,157.08,False
2020-06-22,4.5,4.5,69.618,9.83166,78.2924,73.3439,156.9,False
2020-06-23,4.5,4.49,69.4835,9.8178,77.8285,73.1021,156.69,False
2020-06-24,4.5,4.49,68.8376,9.74292,77.6832,72.8517,156.69,False
2020-06-25,4.5,4.52,68.8376,9.73025,77.759,72.8363,156.15,False
2020-06-26,4.5,4.62,69.466,9.81408,78.0589,73.2455,156.24,False
2020-06-27,4.5,4.5967,69.466,9.8141,78.0589,73.2455,156.2,False
2020-06-28,4.5,4.5733,69.466,9.8141,78.0589,73.2455,156.16,False
2020-06-29,4.5,4.55,69.466,9.81408,78.0589,73.2455,156.12,False
2020-06-30,4.5,4.6,69.9513,9.88278,78.6812,73.8974,155.08,False
2020-07-01,4.5,4.6,70.4413,9.95806,78.9929,74.0318,155.08,False
2020-07-02,4.5,4.47,70.4413,9.97568,79.1901,74.4623,155.21,False
2020-07-03,4.5,4.23,70.5198,9.98016,79.5181,74.7428,154.32,False
2020-07-04,4.5,4.2367,70.5198,9.9802,79.5181,74.7428,154.24,False
2020-07-05,4.5,4.2433,70.5198,9.9802,79.5181,74.7428,154.16,False
2020-07-06,4.5,4.25,70.5198,9.98016,79.5181,74.7428,154.08,False
2020-07-07,4.5,4.36,71.3409,10.1424,80.5581,75.6612,154.67,False
2020-07-08,4.5,4.4,72.1719,10.2742,81.4676,76.4695,155.2,False
2020-07-09,4.5,4.48,71.2379,10.1505,80.4062,75.6884,155.7,False
2020-07-10,4.5,4.4,70.88,10.1451,80.4134,75.6053,155.5,False
2020-07-11,4.5,4.4033,70.88,10.1451,80.4134,75.6053,155.55,False
2020-07-12,4.5,4.4067,70.88,10.1451,80.4134,75.6053,155.6,False
2020-07-13,4.5,4.41,70.88,10.1451,80.4134,75.6053,155.65,False
2020-07-14,4.5,4.43,70.7479,10.1016,80.0937,75.1518,155.68,False
2020-07-15,4.5,4.34,71.1275,10.1334,80.623,75.6354,155.61,False
2020-07-16,4.5,4.22,70.7998,10.1292,80.8392,75.5037,155.44,False
2020-07-17,4.5,4.16,71.231,10.1789,81.2318,75.4406,155.54,False
2020-07-18,4.5,4.1667,71.231,10.1789,81.2318,75.4406,155.606667,False
2020-07-19,4.5,4.1733,71.231,10.1789,81.2318,75.4406,155.673333,False
2020-07-20,4.5,4.18,71.231,10.1789,81.2318,75.4406,155.74,False
2020-07-21,4.5,4.33,71.9628,10.295,82.3902,76.548,156.01,False
2020-07-22,4.5,4.21,70.9668,10.1475,81.2499,75.5529,156.01,False
2020-07-23,4.5,4.13,70.7881,10.1055,81.5904,75.8309,155.99,False
2020-07-24,4.5,4.01,70.963,10.1424,82.1893,76.3947,155.79,False
2020-07-25,4.5,4.0167,70.963,10.1424,82.1893,76.3947,155.79,False
2020-07-26,4.5,4.0233,70.963,10.1424,82.1893,76.3947,155.79,False
2020-07-27,4.25,4.03,70.963,10.1424,82.1893,76.3947,155.79,False
2020-07-28,4.25,4.11,71.585,10.2244,83.7759,77.9369,155.52,False
2020-07-29,4.25,4.17,71.9196,10.2631,84.261,78.0547,155.41,False
2020-07-30,4.25,4.29,72.2348,10.3191,84.912,78.9538,154.76,False
2020-07-31,4.25,4.4,73.3633,10.4724,86.2532,80.2223,154.92,False
2020-08-01,4.25,4.3133,73.3633,10.4724,86.2532,80.2223,155.01,False
2020-08-02,4.25,4.2267,73.3633,10.4724,86.2532,80.2223,155.1,False
2020-08-03,4.25,4.14,73.3633,10.4724,86.2532,80.2223,155.19,False
2020-08-04,4.25,4.12,74.1586,10.6278,87.2253,80.8004,155.26,False
2020-08-05,4.25,4.15,73.3806,10.5091,86.5011,80.0661,155.31,False
2020-08-06,4.25,4.22,73.2806,10.5396,86.625,80.3163,155.13,False
2020-08-07,4.25,4.21,73.0397,10.5176,86.6178,80.3959,155.02,False
2020-08-08,4.25,4.2067,73.0397,10.5176,86.6178,80.3959,155.026667,False
2020-08-09,4.25,4.2033,73.0397,10.5176,86.6178,80.3959,155.033333,False
2020-08-10,4.25,4.2,73.0397,10.5176,86.6178,80.3959,155.04,False
2020-08-11,4.25,4.2,73.775,10.5848,86.8258,80.6549,155.1,False
2020-08-12,4.25,4.19,73.1522,10.5234,85.9246,80.0527,154.95,False
2020-08-13,4.25,4.16,73.2351,10.5439,85.956,80.0296,154.79,False
2020-08-14,4.25,4.12,73.6067,10.5994,87.0399,80.8954,154.47,False
2020-08-15,4.25,4.1267,73.6067,10.5994,87.0399,80.8954,154.093333,False
2020-08-16,4.25,4.1333,73.6067,10.5994,87.0399,80.8954,153.716667,False
2020-08-17,4.25,4.14,73.6067,10.5994,87.0399,80.8954,153.34,False
2020-08-18,4.25,4.14,72.9676,10.511,86.4666,80.3431,153.23,False
2020-08-19,4.25,4.17,73.4321,10.6024,87.3401,81.0419,153.86,False
2020-08-20,4.25,4.17,73.2392,10.5982,87.4037,81.1335,153.62,False
2020-08-21,4.25,4.15,73.7711,10.657,87.4261,80.6506,153.19,False
2020-08-22,4.25,4.16,73.7711,10.657,87.4261,80.6506,153.253333,False
2020-08-23,4.25,4.17,73.7711,10.657,87.4261,80.6506,153.316667,False
2020-08-24,4.25,4.18,73.7711,10.657,87.4261,80.6506,153.38,False
2020-08-25,4.25,4.17,74.4184,10.7661,87.903,81.7695,153.26,False
2020-08-26,4.25,4.27,74.5126,10.7808,88.059,81.855,153.0,False
2020-08-27,4.25,4.26,75.5379,10.9601,89.2254,83.0087,153.41,False
2020-08-28,4.25,4.26,75.2354,10.9355,88.996,82.9406,153.59,False
2020-08-29,4.25,4.2567,75.2354,10.9355,88.996,82.9406,153.656667,False
2020-08-30,4.25,4.2533,75.2354,10.9355,88.996,82.9406,153.723333,False
2020-08-31,4.25,4.25,75.2354,10.9355,88.996,82.9406,153.79,False
2020-09-01,4.25,4.22,73.8039,10.7682,87.8266,81.6234,153.94,False
2020-09-02,4.25,4.23,73.5849,10.7842,88.1547,81.634,153.61,False
2020-09-03,4.25,4.22,73.8588,10.8205,87.7369,80.8703,153.06,False
2020-09-04,4.25,4.23,75.468,11.0401,89.1353,82.75,153.23,False
2020-09-05,4.25,4.2167,75.468,11.0401,89.1353,82.75,153.193333,False
2020-09-06,4.25,4.2033,75.468,11.0401,89.1353,82.75,153.156667,False
2020-09-07,4.25,4.19,75.468,11.0401,89.1353,82.75,153.12,False
2020-09-08,4.25,4.2,75.591,11.0664,89.4771,82.8485,152.75,False
2020-09-09,4.25,4.24,75.9645,11.1183,89.7369,82.8041,152.91,False
2020-09-10,4.25,4.22,76.0713,11.1118,89.5663,82.9115,153.19,False
2020-09-11,4.25,4.23,75.5274,11.0427,89.3036,83.0702,153.11,False
2020-09-12,4.25,4.2267,75.5274,11.0427,89.3036,83.0702,153.073333,False
2020-09-13,4.25,4.2233,75.5274,11.0427,89.3036,83.0702,153.036667,False
2020-09-14,4.25,4.22,75.5274,11.0427,89.3036,83.0702,153.0,False
2020-09-15,4.25,4.25,74.7148,10.9498,88.5819,82.3122,153.07,False
2020-09-16,4.25,4.29,75.1884,11.0928,89.3614,82.9894,153.06,False
2020-09-17,4.25,4.3,74.9278,11.0812,88.8644,82.6197,153.02,False
2020-09-18,4.25,4.31,75.1941,11.113,88.6313,82.5855,152.99,False
2020-09-19,4.25,4.3033,75.1941,11.113,88.6313,82.5855,152.886667,False
2020-09-20,4.25,4.2967,75.1941,11.113,88.6313,82.5855,152.783333,False
2020-09-21,4.25,4.29,75.1941,11.113,88.6313,82.5855,152.68,False
2020-09-22,4.25,4.25,76.0381,11.2268,90.0063,83.4025,152.41,False
2020-09-23,4.25,4.23,76.2711,11.2348,89.4813,83.2654,152.25,False
2020-09-24,4.25,4.16,76.3545,11.2423,89.2508,82.9219,152.08,False
2020-09-25,4.25,4.19,77.178,11.3091,89.9818,83.4357,152.16,False
2020-09-26,4.25,4.21,77.178,11.3091,89.9818,83.4357,152.1,False
2020-09-27,4.25,4.23,77.178,11.3091,89.9818,83.4357,152.04,False
2020-09-28,4.25,4.25,77.178,11.3091,89.9818,83.4357,151.98,False
2020-09-29,4.25,4.26,78.6713,11.5345,91.479,84.8025,151.97,False
2020-09-30,4.25,4.28,79.6845,11.6798,93.0237,86.276,152.36,False
2020-10-01,4.25,4.19,78.7847,11.5671,92.4302,85.4776,152.79,False
2020-10-02,4.25,3.99,77.2774,11.3797,90.7237,84.0154,152.75,False
2020-10-03,4.25,4.07,77.2774,11.3797,90.7237,84.0154,152.783333,False
2020-10-04,4.25,4.15,77.2774,11.3797,90.7237,84.0154,152.816667,False
2020-10-05,4.25,4.23,77.2774,11.3797,90.7237,84.0154,152.85,False
2020-10-06,4.25,4.21,78.1281,11.505,91.6599,85.1254,153.08,False
2020-10-07,4.25,4.22,78.5119,11.5615,92.5184,85.7866,153.24,False
2020-10-08,4.25,4.33,78.0921,11.4997,91.8129,85.1418,153.78,False
2020-10-09,4.25,4.35,77.9157,11.4737,91.699,84.9217,153.86,False
2020-10-10,4.25,4.35,77.9157,11.4737,91.699,84.9217,153.876667,False
2020-10-11,4.25,4.35,77.9157,11.4737,91.699,84.9217,153.893333,False
2020-10-12,4.25,4.35,77.9157,11.4737,91.699,84.9217,153.91,False
2020-10-13,4.25,4.38,77.0239,11.4304,91.0037,84.5209,153.96,False
2020-10-14,4.25,4.3,77.2855,11.4672,91.0732,84.9105,153.91,False
2020-10-15,4.25,4.3,77.2759,11.4675,90.7065,84.5654,153.56,False
2020-10-16,4.25,4.26,77.9461,11.5803,91.4542,85.2429,153.56,False
2020-10-17,4.25,4.2833,77.9461,11.5803,91.4542,85.2429,153.646667,False
2020-10-18,4.25,4.3067,77.9461,11.5803,91.4542,85.2429,153.733333,False
2020-10-19,4.25,4.33,77.9461,11.5803,91.4542,85.2429,153.82,False
2020-10-20,4.25,4.3,77.9241,11.6409,91.3115,85.3121,153.78,False
2020-10-21,4.25,4.31,77.778,11.6424,91.5603,85.5455,153.89,False
2020-10-22,4.25,4.31,77.0322,11.57,91.3448,85.1749,153.8,False
2020-10-23,4.25,4.31,77.0809,11.5577,91.3563,85.022,153.9,False
2020-10-24,4.25,4.3133,77.0809,11.5577,91.3563,85.022,153.863333,False
2020-10-25,4.25,4.3167,77.0809,11.5577,91.3563,85.022,153.826667,False
2020-10-26,4.25,4.32,77.0809,11.5577,91.3563,85.022,153.79,False
2020-10-27,4.25,4.34,76.4443,11.411,90.4489,84.3384,153.65,False
2020-10-28,4.25,4.32,76.4556,11.3841,90.3552,84.1929,153.17,False
2020-10-29,4.25,4.36,77.552,11.5515,91.2632,85.0537,152.86,False
2020-10-30,4.25,4.38,78.8699,11.7523,92.6011,86.5656,152.72,False
2020-10-31,4.25,4.3567,78.8699,11.7523,92.6011,86.5656,152.433333,False
2020-11-01,4.25,4.3333,78.8699,11.7523,92.6011,86.5656,152.146667,False
2020-11-02,4.25,4.31,78.8699,11.7523,92.6011,86.5656,151.86,False
2020-11-03,4.25,4.27,80.5749,12.0259,93.757,87.7722,152.09,False
2020-11-04,4.25,4.27,80.0006,11.9623,93.3447,87.2607,152.09,False
2020-11-05,4.25,4.28,80.0006,11.9623,93.3447,87.2607,153.51,False
2020-11-06,4.25,4.31,78.4559,11.8146,92.1229,86.2532,153.99,False
2020-11-07,4.25,4.2567,78.4559,11.8146,92.1229,86.2532,154.146667,False
2020-11-08,4.25,4.2033,78.4559,11.8146,92.1229,86.2532,154.303333,False
2020-11-09,4.25,4.15,78.4559,11.8146,92.1229,86.2532,154.46,False
2020-11-10,4.25,4.07,76.9515,11.711,91.4953,85.5873,154.31,False
2020-11-11,4.25,4.13,76.3978,11.5689,90.3557,83.6961,154.27,False
2020-11-12,4.25,4.25,76.2075,11.5124,90.0468,83.1143,154.26,False
2020-11-13,4.25,4.25,77.1148,11.6307,90.8104,84.2601,154.4,False
2020-11-14,4.25,4.2267,77.1148,11.6307,90.8104,84.2601,154.433333,False
2020-11-15,4.25,4.2033,77.1148,11.6307,90.8104,84.2601,154.466667,False
2020-11-16,4.25,4.18,77.1148,11.6307,90.8104,84.2601,154.5,False
2020-11-17,4.25,4.14,76.9197,11.6937,91.1729,84.4993,154.42,False
2020-11-18,4.25,4.16,76.253,11.6269,90.3903,83.5924,154.15,False
2020-11-19,4.25,4.1,75.9268,11.6037,90.2314,83.4085,154.31,False
2020-11-20,4.25,4.08,76.2627,11.5807,90.3484,83.603,154.35,False
2020-11-21,4.25,4.0767,76.2627,11.5807,90.3484,83.603,154.42,False
2020-11-22,4.25,4.0733,76.2627,11.5807,90.3484,83.603,154.49,False
2020-11-23,4.25,4.07,76.2627,11.5807,90.3484,83.603,154.56,False
2020-11-24,4.25,4.06,75.76,11.5326,89.9347,83.1979,154.35,False
2020-11-25,4.25,4.06,75.8146,11.5257,89.8934,83.2944,154.34,False
2020-11-26,4.25,4.09,75.4727,11.4714,89.888,82.8096,154.2,False
2020-11-27,4.25,4.08,75.4518,11.4803,90.0291,83.1242,154.21,False
2020-11-28,4.25,4.0767,75.4518,11.4803,90.0291,83.1242,154.16,False
2020-11-29,4.25,4.0733,75.4518,11.4803,90.0291,83.1242,154.11,False
2020-11-30,4.25,4.07,75.4518,11.4803,90.0291,83.1242,154.06,False
2020-12-01,4.25,4.08,76.1999,11.5754,91.2037,84.4414,154.08,False
2020-12-02,4.25,4.07,76.3203,11.6138,91.3096,84.1923,154.04,False
2020-12-03,4.25,4.05,75.6151,11.513,91.3052,83.9608,154.05,False
2020-12-04,4.25,4.01,75.1996,11.4651,91.1946,84.2195,154.13,False
2020-12-05,4.25,3.93,75.1996,11.4651,91.1946,84.2195,154.146667,False
2020-12-06,4.25,3.85,75.1996,11.4651,91.1946,84.2195,154.163333,False
2020-12-07,4.25,3.77,75.1996,11.4651,91.1946,84.2195,154.18,False
2020-12-08,4.25,4.01,74.2506,11.3566,89.9695,83.1101,154.24,False
2020-12-09,4.25,4.07,73.6618,11.2752,89.2044,82.7196,154.15,False
2020-12-10,4.25,4.21,73.3057,11.2126,88.9418,82.5701,153.98,False
2020-12-11,4.25,4.23,73.7124,11.2578,89.133,82.9161,153.88,False
2020-12-12,4.25,4.2433,73.7124,11.2578,89.133,82.9161,153.876667,False
2020-12-13,4.25,4.2567,73.7124,11.2578,89.133,82.9161,153.873333,False
2020-12-14,4.25,4.27,73.7124,11.2578,89.133,82.9161,153.87,False
2020-12-15,4.25,4.32,72.9272,11.1557,88.5847,82.1808,153.79,False
2020-12-16,4.25,4.31,73.4453,11.2219,89.1846,82.8206,153.73,False
2020-12-17,4.25,4.35,73.4201,11.231,89.3229,82.9512,153.85,False
2020-12-18,4.25,4.35,72.9781,11.1693,89.2887,82.5544,153.68,False
2020-12-19,4.25,4.3533,72.9781,11.1693,89.2887,82.5544,153.51,False
2020-12-20,4.25,4.3567,72.9781,11.1693,89.2887,82.5544,153.34,False
2020-12-21,4.25,4.36,72.9781,11.1693,89.2887,82.5544,153.17,False
2020-12-22,4.25,4.4,74.6721,11.4015,91.0029,84.1471,153.02,False
2020-12-23,4.25,4.35,75.3498,11.5075,92.0699,84.8629,152.86,False
2020-12-24,4.25,4.31,75.4571,11.541,91.9822,84.8882,152.88,False
2020-12-25,4.25,4.27,74.8392,11.4582,91.3487,84.2689,153.11,False
2020-12-26,4.25,4.2633,74.8392,11.4582,91.3487,84.2689,153.05,False
2020-12-27,4.25,4.2567,74.8392,11.4582,91.3487,84.2689,152.99,False
2020-12-28,4.25,4.25,74.8392,11.4582,91.3487,84.2689,152.93,False
2020-12-29,4.25,4.27,73.7175,11.2742,90.127,82.9125,153.16,False
2020-12-30,4.25,4.48,73.6567,11.2787,90.2074,83.1809,153.15,False
2020-12-31,4.25,4.48,73.8757,11.3119,90.6824,83.5131,153.15,False
2021-01-01,4.25,4.48,73.8757,11.2956,90.7932,83.7973,153.15,False
2021-01-02,4.25,4.48,73.8757,11.2956,90.7932,83.7973,153.213333,False
2021-01-03,4.25,4.48,73.8757,11.2956,90.7932,83.7973,153.276667,False
2021-01-04,4.25,4.48,73.8757,11.2956,90.7932,83.7973,153.34,False
2021-01-05,4.25,4.4629,73.8757,11.2956,90.7932,83.7973,153.48,False
2021-01-06,4.25,4.4457,73.8757,11.2956,90.7932,83.7973,153.53,False
2021-01-07,4.25,4.4286,73.9824,11.2956,90.7964,83.8278,153.53,False
2021-01-08,4.25,4.4114,74.089,11.2956,90.7996,83.8583,153.5,False
2021-01-09,4.25,4.3943,74.1957,11.2956,90.8028,83.8888,153.333333,False
2021-01-10,4.25,4.3771,74.3024,11.2956,90.8059,83.9193,153.166667,False
2021-01-11,4.25,4.36,74.409,11.2956,90.8091,83.9498,153.0,False
2021-01-12,4.25,4.32,74.5157,11.5082,90.8123,83.9803,152.74,False
2021-01-13,4.25,4.25,74.2663,11.483,90.3227,83.3984,152.58,False
2021-01-14,4.25,4.26,73.5264,11.3728,89.7831,82.9307,152.46,False
2021-01-15,4.25,4.33,73.7961,11.4089,89.6475,83.1505,151.8,False
2021-01-16,4.25,4.33,73.7961,11.4089,89.6475,83.1505,151.723333,False
2021-01-17,4.25,4.33,73.7961,11.4089,89.6475,83.1505,151.646667,False
2021-01-18,4.25,4.33,73.7961,11.4089,89.6475,83.1505,151.57,False
2021-01-19,4.25,4.37,73.9735,11.3907,89.3304,82.9671,151.7,False
2021-01-20,4.25,4.4,73.7243,11.3628,89.2064,82.9295,151.83,False
2021-01-21,4.25,4.4,73.355,11.3416,89.1483,82.6628,151.56,False
2021-01-22,4.25,4.34,73.3694,11.3496,88.9677,82.521,150.92,False
2021-01-23,4.25,4.33,73.3694,11.3496,88.9677,82.521,150.933333,False
2021-01-24,4.25,4.32,73.3694,11.3496,88.9677,82.521,150.946667,False
2021-01-25,4.25,4.31,73.3694,11.3496,88.9677,82.521,150.96,False
2021-01-26,4.25,4.32,74.8569,11.5575,91.1458,84.5077,151.01,False
2021-01-27,4.25,4.32,75.6354,11.6797,91.6701,85.0888,150.91,False
2021-01-28,4.25,4.3,75.04,11.6044,91.2186,84.5902,150.76,False
2021-01-29,4.25,4.34,76.1854,11.7637,92.131,85.669,150.96,False
2021-01-30,4.25,4.33,76.1854,11.7637,92.131,85.669,150.983333,False
2021-01-31,4.25,4.32,76.1854,11.7637,92.131,85.669,151.006667,False
2021-02-01,4.25,4.31,76.1854,11.7637,92.131,85.669,151.03,False
2021-02-02,4.25,4.24,75.5053,11.6787,91.5426,84.524,150.98,False
2021-02-03,4.25,4.11,75.9051,11.7498,91.625,84.7344,150.59,False
2021-02-04,4.25,4.05,76.0801,11.7813,91.5624,84.6651,150.88,False
2021-02-05,4.25,3.95,75.7293,11.7165,90.9206,84.0037,151.16,False
2021-02-06,4.25,3.81,75.7293,11.7165,90.9206,84.0037,151.256667,False
2021-02-07,4.25,3.67,75.7293,11.7165,90.9206,84.0037,151.353333,False
2021-02-08,4.25,3.53,75.7293,11.7165,90.9206,84.0037,151.45,False
2021-02-09,4.25,4.02,74.2602,11.4981,89.4019,82.4381,151.02,False
2021-02-10,4.25,4.19,74.1192,11.4935,89.5286,82.6485,150.69,False
2021-02-11,4.25,4.03,73.8526,11.4712,89.5684,82.8966,150.24,False
2021-02-12,4.25,4.01,73.7579,11.4208,89.4388,82.8368,149.61,False
2021-02-13,4.25,4.0033,73.7579,11.4208,89.4388,82.8368,149.513333,False
2021-02-14,4.25,3.9967,73.7579,11.4208,89.4388,82.8368,149.416667,False
2021-02-15,4.25,3.99,73.7579,11.4208,89.4388,82.8368,149.32,False
2021-02-16,4.25,4.01,73.3092,11.3513,88.9754,82.2682,148.73,False
2021-02-17,4.25,4.02,73.2895,11.3483,88.9441,82.4311,148.56,False
2021-02-18,4.25,4.18,73.7669,11.4222,89.0809,82.4027,148.84,False
2021-02-19,4.25,4.17,73.7755,11.4004,88.87,82.1736,148.4,False
2021-02-20,4.25,4.17,73.7755,11.4004,88.87,82.1736,148.376667,False
2021-02-21,4.25,4.17,73.7755,11.4004,88.87,82.1736,148.353333,False
2021-02-22,4.25,4.17,73.7755,11.4004,88.87,82.1736,148.33,False
2021-02-23,4.25,4.17,73.7755,11.4004,88.87,82.1736,148.33,False
2021-02-24,4.25,4.16,73.7755,11.4004,88.87,82.1736,148.46,False
2021-02-25,4.25,4.13,73.7532,11.4304,89.6691,81.3425,148.05,False
2021-02-26,4.25,4.2,73.4747,11.3911,89.4995,81.1427,147.42,False
2021-02-27,4.25,4.18,73.4747,11.3911,89.4995,81.1427,147.506667,False
2021-02-28,4.25,4.16,73.4747,11.3911,89.4995,81.1427,147.593333,False
2021-03-01,4.25,4.14,73.4747,11.3911,89.4995,81.1427,147.68,False
2021-03-02,4.25,4.08,74.0448,11.4599,89.4461,81.3322,147.83,False
2021-03-03,4.25,4.06,74.5755,11.5271,89.5652,81.2369,148.26,False
2021-03-04,4.25,4.05,73.5187,11.3771,88.8768,80.2168,149.03,False
2021-03-05,4.25,3.88,73.7864,11.4074,88.9421,80.1242,148.21,False
2021-03-06,4.25,3.88,73.7864,11.4074,88.9421,80.1242,148.21,False
2021-03-07,4.25,3.88,73.7864,11.4074,88.9421,80.1242,148.21,False
2021-03-08,4.25,3.88,73.7864,11.4074,88.9421,80.1242,148.21,False
2021-03-09,4.25,4.05,73.7864,11.4074,88.9421,80.1242,148.26,False
2021-03-10,4.25,4.11,74.264,11.3935,88.1736,79.4607,147.89,False
2021-03-11,4.25,4.14,74.0393,11.3691,87.9587,79.6464,147.42,False
2021-03-12,4.25,4.14,73.4996,11.32,87.7585,79.3389,147.21,False
2021-03-13,4.25,4.1433,73.4996,11.32,87.7585,79.3389,147.206667,False
2021-03-14,4.25,4.1467,73.4996,11.32,87.7585,79.3389,147.203333,False
2021-03-15,4.25,4.15,73.4996,11.32,87.7585,79.3389,147.2,False
2021-03-16,4.25,4.16,73.2317,11.2612,87.3508,78.8031,146.98,False
2021-03-17,4.25,4.11,72.9619,11.2253,86.9852,78.6651,146.73,False
2021-03-18,4.25,4.11,73.1019,11.2413,86.9693,78.7906,146.33,False
2021-03-19,4.25,4.12,73.6582,11.3282,88.1173,79.6219,145.83,False
2021-03-20,4.25,4.21,73.6582,11.3282,88.1173,79.6219,145.653333,False
2021-03-21,4.25,4.3,73.6582,11.3282,88.1173,79.6219,145.476667,False
2021-03-22,4.5,4.39,73.6582,11.3282,88.1173,79.6219,145.3,False
2021-03-23,4.5,4.35,74.6085,11.4599,88.6573,80.3192,144.27,False
2021-03-24,4.5,4.32,75.3585,11.5756,89.767,81.1353,144.61,False
2021-03-25,4.5,4.4,76.1535,11.6737,90.0515,81.3519,145.06,False
2021-03-26,4.5,4.56,76.1741,11.6578,89.9768,81.2784,145.75,False
2021-03-27,4.5,4.5367,76.1741,11.6578,89.9768,81.2784,145.816667,False
2021-03-28,4.5,4.5133,76.1741,11.6578,89.9768,81.2784,145.883333,False
2021-03-29,4.5,4.49,76.1741,11.6578,89.9768,81.2784,145.95,False
2021-03-30,4.5,4.5,75.8287,11.5536,89.349,80.8064,145.51,False
2021-03-31,4.5,4.5,75.7023,11.5268,88.8821,80.389,145.61,False
2021-04-01,4.5,4.46,75.6373,11.5385,88.7452,80.3114,145.38,False
2021-04-02,4.5,4.45,75.8073,11.5328,88.9523,80.1346,145.43,False
2021-04-03,4.5,4.42,75.8073,11.5328,88.9523,80.1346,145.413333,False
2021-04-04,4.5,4.39,75.8073,11.5328,88.9523,80.1346,145.396667,False
2021-04-05,4.5,4.36,75.8073,11.5328,88.9523,80.1346,145.38,False
2021-04-06,4.5,4.29,76.6052,11.665,89.9958,81.296,145.13,False
2021-04-07,4.5,4.35,76.3802,11.6606,90.1821,81.3941,144.07,False
2021-04-08,4.5,4.5,77.773,11.8814,92.3321,83.5371,144.1,False
2021-04-09,4.5,4.48,77.1011,11.7728,91.6192,83.0473,143.83,False
2021-04-10,4.5,4.5133,77.1011,11.7728,91.6192,83.0473,143.9,False
2021-04-11,4.5,4.5467,77.1011,11.7728,91.6192,83.0473,143.97,False
2021-04-12,4.5,4.58,77.1011,11.7728,91.6192,83.0473,144.04,False
2021-04-13,4.5,4.6,77.5104,11.8308,92.0669,83.7588,144.04,False
2021-04-14,4.5,4.55,77.2535,11.7969,91.9162,83.5263,145.43,False
2021-04-15,4.5,4.57,75.6826,11.5832,90.5391,82.2726,144.7,False
2021-04-16,4.5,4.59,76.9808,11.7834,92.2307,83.3938,146.16,False
2021-04-17,4.5,4.5567,76.9808,11.7834,92.2307,83.3938,145.95,False
2021-04-18,4.5,4.5233,76.9808,11.7834,92.2307,83.3938,145.74,False
2021-04-19,4.5,4.49,76.9808,11.7834,92.2307,83.3938,145.53,False
2021-04-20,4.5,4.41,76.2491,11.7106,91.476,83.2777,145.31,False
2021-04-21,4.5,4.4,76.0155,11.7023,91.7507,83.1134,145.52,False
2021-04-22,4.5,4.45,76.8198,11.8264,92.2913,83.7547,145.94,False
2021-04-23,4.5,4.54,76.4217,11.7764,92.0423,83.5119,146.02,False
2021-04-24,4.5,4.6733,76.4217,11.7764,92.0423,83.5119,146.08,False
2021-04-25,4.5,4.8067,76.4217,11.7764,92.0423,83.5119,146.14,False
2021-04-26,5.0,4.94,76.4217,11.7764,92.0423,83.5119,146.2,False
2021-04-27,5.0,4.85,74.768,11.524,90.4468,81.7673,145.87,False
2021-04-28,5.0,4.85,74.9578,11.5569,90.4666,81.7692,145.56,False
2021-04-29,5.0,4.95,74.939,11.5559,90.4289,81.8111,145.85,False
2021-04-30,5.0,4.82,74.3823,11.5036,90.1513,81.6849,145.72,False
2021-05-01,5.0,4.82,74.3823,11.5036,90.1513,81.6849,145.72,False
2021-05-02,5.0,4.82,74.3823,11.5036,90.1513,81.6849,145.72,False
2021-05-03,5.0,4.82,74.3823,11.5036,90.1513,81.6849,145.72,False
2021-05-04,5.0,4.72,74.3823,11.5036,90.1513,81.6849,145.9,False
2021-05-05,5.0,4.64,75.2567,11.6253,90.451,82.3197,146.0,False
2021-05-06,5.0,4.32,74.8617,11.5643,89.7742,81.7089,146.1,False
2021-05-07,5.0,4.23,74.577,11.5196,89.6788,81.8987,145.96,False
2021-05-08,5.0,4.23,74.577,11.5196,89.6788,81.8987,146.04,False
2021-05-09,5.0,4.23,74.577,11.5196,89.6788,81.8987,146.12,False
2021-05-10,5.0,4.23,74.577,11.5196,89.6788,81.8987,146.2,False
2021-05-11,5.0,4.8,74.577,11.5196,89.6788,81.8987,145.84,False
2021-05-12,5.0,4.77,74.1567,11.5381,90.004,82.0953,145.58,False
2021-05-13,5.0,4.85,74.04,11.4933,89.8475,81.8664,145.14,False
2021-05-14,5.0,4.89,74.3566,11.5198,89.9343,81.9086,145.5,False
2021-05-15,5.0,4.91,74.3566,11.5198,89.9343,81.9086,145.493333,False
2021-05-16,5.0,4.93,74.3566,11.5198,89.9343,81.9086,145.486667,False
2021-05-17,5.0,4.95,74.3566,11.5198,89.9343,81.9086,145.48,False
2021-05-18,5.0,5.0,73.8537,11.4639,89.6584,81.8233,145.42,False
2021-05-19,5.0,4.96,73.6992,11.4714,89.9057,82.107,145.3,False
2021-05-20,5.0,4.89,73.6778,11.4449,90.1006,81.7824,145.44,False
2021-05-21,5.0,4.89,73.6007,11.4356,89.7708,81.7059,145.51,False
2021-05-22,5.0,4.8767,73.6007,11.4356,89.7708,81.7059,145.483333,False
2021-05-23,5.0,4.8633,73.6007,11.4356,89.7708,81.7059,145.456667,False
2021-05-24,5.0,4.85,73.6007,11.4356,89.7708,81.7059,145.43,False
2021-05-25,5.0,4.83,73.5266,11.4353,89.6877,81.8691,145.33,False
2021-05-26,5.0,4.92,73.3963,11.453,89.9545,82.0621,145.37,False
2021-05-27,5.0,4.94,73.4737,11.4882,89.9392,82.0752,145.41,False
2021-05-28,5.0,4.99,73.458,11.5208,89.6555,81.9569,145.32,False
2021-05-29,5.0,4.9933,73.458,11.5208,89.6555,81.9569,145.283333,False
2021-05-30,5.0,4.9967,73.458,11.5208,89.6555,81.9569,145.246667,False
2021-05-31,5.0,5.0,73.458,11.5208,89.6555,81.9569,145.21,False
2021-06-01,5.0,4.85,73.2965,11.5219,89.3778,81.3953,145.05,False
2021-06-02,5.0,4.8,73.2411,11.4865,89.5958,81.4242,145.0,False
2021-06-03,5.0,4.76,73.4979,11.5074,89.6895,81.6916,144.89,False
2021-06-04,5.0,4.68,73.2636,11.4589,89.2644,81.395,144.6,False
2021-06-05,5.0,4.6667,73.2636,11.4589,89.2644,81.395,144.566667,False
2021-06-06,5.0,4.6533,73.2636,11.4589,89.2644,81.395,144.533333,False
2021-06-07,5.0,4.64,73.2636,11.4589,89.2644,81.395,144.5,False
2021-06-08,5.0,4.71,72.9294,11.4018,88.653,81.0327,144.1,False
2021-06-09,5.0,5.0,72.8256,11.3831,88.6433,81.1156,143.86,False
2021-06-10,5.0,5.11,72.0829,11.2779,87.8114,80.4048,144.09,False
2021-06-11,5.0,5.3,72.1974,11.2976,87.8065,80.5595,144.7,False
2021-06-12,5.0,5.3,72.1974,11.2976,87.8065,80.5595,144.703333,False
2021-06-13,5.0,5.3,72.1974,11.2976,87.8065,80.5595,144.706667,False
2021-06-14,5.0,5.3,72.1974,11.2976,87.8065,80.5595,144.71,False
2021-06-15,5.5,5.4,72.1974,11.2976,87.8065,80.5595,144.51,False
2021-06-16,5.5,5.45,71.8318,11.2192,87.211,80.089,144.16,False
2021-06-17,5.5,5.45,72.0323,11.2589,87.3536,80.1874,144.23,False
2021-06-18,5.5,5.43,72.5048,11.279,86.7012,79.4486,144.77,False
2021-06-19,5.5,5.4033,72.5048,11.279,86.7012,79.4486,144.71,False
2021-06-20,5.5,5.3767,72.5048,11.279,86.7012,79.4486,144.65,False
2021-06-21,5.5,5.35,72.5048,11.279,86.7012,79.4486,144.59,False
2021-06-22,5.5,5.26,73.1987,11.313,86.8942,79.4084,144.56,False
2021-06-23,5.5,5.15,73.1661,11.3024,87.0677,79.5197,144.67,False
2021-06-24,5.5,5.14,72.6671,11.2134,86.7137,79.1753,144.87,False
2021-06-25,5.5,5.31,72.326,11.1733,86.3283,78.7093,144.76,False
2021-06-26,5.5,5.35,72.326,11.1733,86.3283,78.7093,144.673333,False
2021-06-27,5.5,5.39,72.326,11.1733,86.3283,78.7093,144.586667,False
2021-06-28,5.5,5.43,72.326,11.1733,86.3283,78.7093,144.5,False
2021-06-29,5.5,5.44,72.1777,11.1786,86.1657,78.5479,144.07,False
2021-06-30,5.5,5.45,72.3723,11.207,86.2026,78.5887,144.08,False
2021-07-01,5.5,5.18,72.7234,11.2545,86.5118,78.8244,144.18,False
2021-07-02,5.5,5.23,72.9086,11.2787,86.4113,78.6925,144.05,False
2021-07-03,5.5,5.2633,72.9086,11.2787,86.4113,78.6925,144.083333,False
2021-07-04,5.5,5.2967,72.9086,11.2787,86.4113,78.6925,144.116667,False
2021-07-05,5.5,5.33,72.9086,11.2787,86.4113,78.6925,144.15,False
2021-07-06,5.5,5.38,73.354,11.3535,87.0272,79.5769,144.1,False
2021-07-07,5.5,5.4,73.266,11.3362,87.0034,79.3867,144.05,False
2021-07-08,5.5,5.47,74.058,11.4575,87.5588,80.2623,143.81,False
2021-07-09,5.5,5.49,75.1952,11.6019,88.7755,81.7339,143.96,False
2021-07-10,5.5,5.5033,75.1952,11.6019,88.7755,81.7339,143.916667,False
2021-07-11,5.5,5.5167,75.1952,11.6019,88.7755,81.7339,143.873333,False
2021-07-12,5.5,5.53,75.1952,11.6019,88.7755,81.7339,143.83,False
2021-07-13,5.5,5.57,74.6336,11.5307,88.605,81.656,143.79,False
2021-07-14,5.5,5.64,74.0589,11.4552,87.782,80.8768,143.75,False
2021-07-15,5.5,5.7,74.1236,11.4519,87.3917,80.7623,143.94,False
2021-07-16,5.5,5.77,74.2197,11.4859,87.8316,81.2921,143.96,False
2021-07-17,5.5,5.78,74.2197,11.4859,87.8316,81.2921,143.92,False
2021-07-18,5.5,5.79,74.2197,11.4859,87.8316,81.2921,143.88,False
2021-07-19,5.5,5.8,74.2197,11.4859,87.8316,81.2921,143.84,False
2021-07-20,5.5,5.88,74.3463,11.4674,87.6097,80.741,144.03,False
2021-07-21,5.5,5.89,74.491,11.4959,87.7727,81.1095,144.51,False
2021-07-22,5.5,5.81,74.4947,11.5057,87.5983,80.7706,145.03,False
2021-07-23,5.5,5.8,73.6945,11.3967,86.9227,80.1986,145.18,False
2021-07-24,5.5,5.97,73.6945,11.3967,86.9227,80.1986,145.196667,False
2021-07-25,5.5,6.14,73.6945,11.3967,86.9227,80.1986,145.213333,False
2021-07-26,6.5,6.31,73.6945,11.3967,86.9227,80.1986,145.23,False
2021-07-27,6.5,6.27,74.098,11.4292,87.3171,80.6289,145.48,False
2021-07-28,6.5,6.28,73.8471,11.3527,86.9919,80.4522,145.71,False
2021-07-29,6.5,7.02,73.6088,11.3189,86.9173,80.4468,145.71,False
2021-07-30,6.5,7.06,73.1904,11.3249,86.8624,80.5529,145.76,False
2021-07-31,6.5,6.8333,73.1904,11.3249,86.8624,80.5529,145.72,False
2021-08-01,6.5,6.6067,73.1904,11.3249,86.8624,80.5529,145.68,False
2021-08-02,6.5,6.38,73.1904,11.3249,86.8624,80.5529,145.64,False
2021-08-03,6.5,5.85,73.0156,11.301,86.7717,80.6268,145.53,False
2021-08-04,6.5,6.0,72.8724,11.2717,86.5578,80.522,145.31,False
2021-08-05,6.5,5.69,72.7857,11.2631,86.4112,80.3907,145.4,False
2021-08-06,6.5,6.11,73.168,11.324,86.6529,80.7594,145.23,False
2021-08-07,6.5,6.16,73.168,11.324,86.6529,80.7594,145.143333,False
2021-08-08,6.5,6.21,73.168,11.324,86.6529,80.7594,145.056667,False
2021-08-09,6.5,6.26,73.168,11.324,86.6529,80.7594,144.97,False
2021-08-10,6.5,6.27,73.5078,11.3473,86.4378,80.2662,144.87,False
2021-08-11,6.5,6.38,73.5962,11.3555,86.3578,79.935,144.76,False
2021-08-12,6.5,6.29,73.9695,11.4026,86.6257,80.0882,144.78,False
2021-08-13,6.5,6.33,73.5671,11.358,86.3457,79.7821,144.82,False
2021-08-14,6.5,6.3667,73.5671,11.358,86.3457,79.7821,144.953333,False
2021-08-15,6.5,6.4033,73.5671,11.358,86.3457,79.7821,145.086667,False
2021-08-16,6.5,6.44,73.5671,11.358,86.3457,79.7821,145.22,False
2021-08-17,6.5,6.63,73.392,11.3343,86.5072,80.2888,145.42,False
2021-08-18,6.5,6.61,73.4753,11.3388,86.4804,80.7155,145.37,False
2021-08-19,6.5,6.5,73.4633,11.3366,86.121,80.3932,145.06,False
2021-08-20,6.5,6.52,74.1503,11.4195,86.615,80.9855,145.06,False
2021-08-21,6.5,6.5033,74.1503,11.4195,86.615,80.9855,145.04,False
2021-08-22,6.5,6.4867,74.1503,11.4195,86.615,80.9855,145.02,False
2021-08-23,6.5,6.47,74.1503,11.4195,86.615,80.9855,145.0,False
2021-08-24,6.5,6.5,74.0666,11.4119,86.7838,80.956,144.87,False
2021-08-25,6.5,6.57,73.9465,11.4157,86.8058,81.0106,144.79,False
2021-08-26,6.5,6.5,73.7428,11.3899,86.5814,80.7786,144.49,False
2021-08-27,6.5,6.46,73.9908,11.4116,87.0576,80.7055,144.7,False
2021-08-28,6.5,6.4667,73.9908,11.4116,87.0576,80.7055,144.74,False
2021-08-29,6.5,6.4733,73.9908,11.4116,87.0576,80.7055,144.78,False
2021-08-30,6.5,6.48,73.9908,11.4116,87.0576,80.7055,144.82,False
2021-08-31,6.5,6.51,73.5744,11.378,86.8104,80.4972,144.9,False
2021-09-01,6.5,6.31,73.2781,11.3367,86.666,80.1291,144.92,False
2021-09-02,6.5,6.08,73.1912,11.3211,86.3949,79.7637,144.64,False
2021-09-03,6.5,6.37,72.8491,11.2747,86.297,79.5991,144.71,False
2021-09-04,6.5,6.3633,72.8491,11.2747,86.297,79.5991,144.686667,False
2021-09-05,6.5,6.3567,72.8491,11.2747,86.297,79.5991,144.663333,False
2021-09-06,6.5,6.35,72.8491,11.2747,86.297,79.5991,144.64,False
2021-09-07,6.5,6.45,72.9538,11.304,86.5743,79.7135,144.48,False
2021-09-08,6.5,6.53,73.1909,11.3285,86.8922,79.9901,144.42,False
2021-09-09,6.5,6.72,73.4421,11.3651,86.9114,79.8631,144.43,False
2021-09-10,6.5,6.86,73.129,11.3248,86.4677,79.5486,144.53,False
2021-09-11,6.5,6.82,73.129,11.3248,86.4677,79.5486,144.556667,False
2021-09-12,6.5,6.78,73.129,11.3248,86.4677,79.5486,144.583333,False
2021-09-13,6.75,6.74,73.129,11.3248,86.4677,79.5486,144.61,False
2021-09-14,6.75,6.8,73.0841,11.323,86.115,79.3616,144.52,False
2021-09-15,6.75,6.84,72.7171,11.2857,85.988,78.8774,144.31,False
2021-09-16,6.75,6.79,72.852,11.3198,86.0674,79.2559,144.3,False
2021-09-17,6.75,6.8,72.4329,11.2391,85.3622,78.484,144.19,False
2021-09-18,6.75,6.8,72.4329,11.2391,85.3622,78.484,143.99,False
2021-09-19,6.75,6.8,72.4329,11.2391,85.3622,78.484,143.79,False
2021-09-20,6.75,6.8,72.4329,11.2391,85.3622,78.484,143.59,False
2021-09-21,6.75,6.78,73.3315,11.3406,85.8785,78.6988,143.67,False
2021-09-22,6.75,6.77,73.2067,11.3213,85.8568,78.9972,143.71,False
2021-09-23,6.75,6.67,72.8806,11.267,85.4889,78.9093,143.28,False
2021-09-24,6.75,6.6,72.7245,11.2584,85.204,78.7914,142.96,False
2021-09-25,6.75,6.6467,72.7245,11.2584,85.204,78.7914,142.833333,False
2021-09-26,6.75,6.6933,72.7245,11.2584,85.204,78.7914,142.706667,False
2021-09-27,6.75,6.74,72.7245,11.2584,85.204,78.7914,142.58,False
2021-09-28,6.75,6.94,72.6613,11.2449,85.0355,78.2904,142.68,False
2021-09-29,6.75,6.91,72.5083,11.2263,84.6752,78.1424,142.77,False
2021-09-30,6.75,6.97,72.7608,11.2494,84.8755,78.3216,142.55,False
2021-10-01,6.75,6.77,72.6642,11.2442,84.305,77.8573,142.24,False
2021-10-02,6.75,6.75,72.6642,11.2442,84.305,77.8573,142.126667,False
2021-10-03,6.75,6.73,72.6642,11.2442,84.305,77.8573,142.013333,False
2021-10-04,6.75,6.71,72.6642,11.2442,84.305,77.8573,141.9,False
2021-10-05,6.75,6.61,72.9239,11.3118,84.6355,78.4381,141.1,False
2021-10-06,6.75,6.59,72.5686,11.2567,84.1723,78.3255,140.58,False
2021-10-07,6.75,6.49,72.5682,11.2566,83.9251,78.0219,141.14,False
2021-10-08,6.75,6.48,72.2854,11.2128,83.6053,78.0114,141.66,False
2021-10-09,6.75,6.5267,72.2854,11.2128,83.6053,78.0114,141.636667,False
2021-10-10,6.75,6.5733,72.2854,11.2128,83.6053,78.0114,141.613333,False
2021-10-11,6.75,6.62,72.2854,11.2128,83.6053,78.0114,141.59,False
2021-10-12,6.75,6.64,71.6373,11.1281,82.9273,77.3203,141.45,False
2021-10-13,6.75,6.77,71.8801,11.1325,83.0934,77.5071,141.52,False
2021-10-14,6.75,6.92,71.8577,11.149,83.0028,77.3662,141.77,False
2021-10-15,6.75,6.97,71.7846,11.1569,83.3347,77.9928,141.8,False
2021-10-16,6.75,6.98,71.7846,11.1569,83.3347,77.9928,141.636667,False
2021-10-17,6.75,6.99,71.7846,11.1569,83.3347,77.9928,141.473333,False
2021-10-18,6.75,7.0,71.7846,11.1569,83.3347,77.9928,141.31,False
2021-10-19,6.75,7.01,71.1714,11.0619,82.4592,76.859,141.29,False
2021-10-20,6.75,7.04,70.9674,11.0871,82.6841,77.1301,141.07,False
2021-10-21,6.75,7.03,71.0555,11.1139,82.6162,76.8749,140.67,False
2021-10-22,6.75,7.02,70.9904,11.0947,82.6399,77.1467,139.52,False
2021-10-23,6.75,7.1733,70.9904,11.0947,82.6399,77.1467,139.093333,False
2021-10-24,6.75,7.3267,70.9904,11.0947,82.6399,77.1467,138.666667,False
2021-10-25,7.5,7.48,70.9904,11.0947,82.6399,77.1467,138.24,False
2021-10-26,7.5,7.48,70.1345,10.9908,81.7418,76.5243,137.64,False
2021-10-27,7.5,7.46,69.5526,10.8993,80.7019,75.4612,137.84,False
2021-10-28,7.5,7.42,69.8104,10.9188,81.0289,76.0131,136.7,False
2021-10-29,7.5,7.45,70.5207,11.0194,81.8393,76.7865,136.75,False
2021-10-30,7.5,7.39,70.5207,11.0194,81.8393,76.7865,136.56,False
2021-10-31,7.5,7.33,70.5207,11.0194,81.8393,76.7865,136.37,False
2021-11-01,7.5,7.27,70.5207,11.0194,81.8393,76.7865,136.18,False
2021-11-02,7.5,6.93,71.0863,11.101,82.1687,77.6306,136.0,False
2021-11-03,7.5,7.33,71.4783,11.1704,82.9577,78.5044,136.16,False
2021-11-04,7.5,7.33,71.4876,11.1745,82.8112,78.3426,136.16,False
2021-11-05,7.5,7.33,71.4876,11.1745,82.8112,78.3426,136.15,False
2021-11-06,7.5,7.3633,71.4876,11.1745,82.8112,78.3426,136.28,False
2021-11-07,7.5,7.3967,71.4876,11.1745,82.8112,78.3426,136.41,False
2021-11-08,7.5,7.43,71.4876,11.1745,82.8112,78.3426,136.54,False
2021-11-09,7.5,7.57,71.3975,11.1595,82.5355,78.0471,137.06,False
2021-11-10,7.5,7.52,71.2866,11.1465,82.6497,78.0282,137.55,False
2021-11-11,7.5,7.42,70.695,11.0601,81.787,77.4485,137.71,False
2021-11-12,7.5,7.42,71.1964,11.1158,81.6552,77.3706,137.21,False
2021-11-13,7.5,7.4333,71.1964,11.1158,81.6552,77.3706,137.1,False
2021-11-14,7.5,7.4467,71.1964,11.1158,81.6552,77.3706,136.99,False
2021-11-15,7.5,7.46,71.1964,11.1158,81.6552,77.3706,136.88,False
2021-11-16,7.5,7.58,72.2724,11.3267,82.7736,78.574,136.29,False
2021-11-17,7.5,7.58,72.5553,11.3768,82.5244,78.4127,136.33,False
2021-11-18,7.5,7.57,72.8228,11.4108,82.3553,78.262,135.71,False
2021-11-19,7.5,7.47,72.6022,11.3773,82.2583,78.2604,135.36,False
2021-11-20,7.5,7.4733,72.6022,11.3773,82.2583,78.2604,134.976667,False
2021-11-21,7.5,7.4767,72.6022,11.3773,82.2583,78.2604,134.593333,False
2021-11-22,7.5,7.48,72.6022,11.3773,82.2583,78.2604,134.21,False
2021-11-23,7.5,7.41,73.4506,11.5175,82.7715,79.1238,133.57,False
2021-11-24,7.5,7.37,74.8327,11.7212,84.1718,80.3702,134.05,False
2021-11-25,7.5,7.42,74.3726,11.6427,83.6394,79.6366,134.57,False
2021-11-26,7.5,7.4,74.6004,11.6758,83.6793,79.9404,134.42,False
2021-11-27,7.5,7.3767,74.6004,11.6758,83.6793,79.9404,134.73,False
2021-11-28,7.5,7.3533,74.6004,11.6758,83.6793,79.9404,135.04,False
2021-11-29,7.5,7.33,74.6004,11.6758,83.6793,79.9404,135.35,False
2021-11-30,7.5,7.44,74.9818,11.7482,84.482,81.0089,135.28,False
2021-12-01,7.5,7.31,74.8926,11.7547,84.8234,81.3608,135.43,False
2021-12-02,7.5,7.12,73.9746,11.6128,83.8354,80.4421,134.95,False
2021-12-03,7.5,7.15,74.0637,11.6213,83.8105,80.3555,135.23,False
2021-12-04,7.5,7.2267,74.0637,11.6213,83.8105,80.3555,135.113333,False
2021-12-05,7.5,7.3033,74.0637,11.6213,83.8105,80.3555,134.996667,False
2021-12-06,7.5,7.38,74.0637,11.6213,83.8105,80.3555,134.88,False
2021-12-07,7.5,7.32,73.6694,11.5622,83.1138,79.9798,134.23,False
2021-12-08,7.5,7.57,74.1399,11.6426,83.7114,80.2901,134.38,False
2021-12-09,7.5,7.6,73.8453,11.622,83.364,79.9192,134.51,False
2021-12-10,7.5,7.58,73.5998,11.6,83.3444,79.8782,134.64,False
2021-12-11,7.5,7.58,73.5998,11.6,83.3444,79.8782,134.613333,False
2021-12-12,7.5,7.58,73.5998,11.6,83.3444,79.8782,134.586667,False
2021-12-13,7.5,7.58,73.5998,11.6,83.3444,79.8782,134.56,False
2021-12-14,7.5,7.48,73.4107,11.536,82.866,79.4918,134.25,False
2021-12-15,7.5,7.39,73.4698,11.5466,82.8299,79.6162,134.3,False
2021-12-16,7.5,7.45,73.851,11.6029,83.2375,79.8994,134.61,False
2021-12-17,7.5,7.55,73.5708,11.5525,83.1571,79.6997,134.86,False
2021-12-18,7.5,7.76,73.5708,11.5525,83.1571,79.6997,135.06,False
2021-12-19,7.5,7.97,73.5708,11.5525,83.1571,79.6997,135.26,False
2021-12-20,8.5,8.18,73.5708,11.5525,83.1571,79.6997,135.46,False
2021-12-21,8.5,7.98,74.2947,11.6482,83.6187,80.362,135.45,False
2021-12-22,8.5,8.2,73.8206,11.5884,83.3213,80.2398,135.52,False
2021-12-23,8.5,8.0,73.7901,11.5796,83.1541,79.7903,135.6,False
2021-12-24,8.5,8.17,73.3583,11.5162,83.1223,79.7113,135.65,False
2021-12-25,8.5,8.1233,73.3583,11.5162,83.1223,79.7113,135.65,False
2021-12-26,8.5,8.0767,73.3583,11.5162,83.1223,79.7113,135.65,False
2021-12-27,8.5,8.03,73.3583,11.5162,83.1223,79.7113,135.65,False
2021-12-28,8.5,8.21,73.2329,11.4924,82.9363,79.6529,135.66,False
2021-12-29,8.5,8.27,73.4959,11.5353,83.2194,80.122,135.62,False
2021-12-30,8.5,8.27,73.6514,11.5599,83.204,80.1866,135.77,False
2021-12-31,8.5,8.27,74.2926,11.6503,84.0695,80.9376,135.77,False
2022-01-01,8.5,8.27,74.2926,11.6503,84.0695,80.9376,135.92,False
2022-01-02,8.5,8.27,74.2926,11.6503,84.0695,80.9376,136.07,False
2022-01-03,8.5,8.27,74.2926,11.6503,84.0695,80.9376,136.22,False
2022-01-04,8.5,8.29,74.2926,11.6503,84.0695,80.9376,136.33,False
2022-01-05,8.5,8.31,74.2926,11.6503,84.0695,80.9376,136.45,False
2022-01-06,8.5,8.33,74.4324,11.6503,84.2465,81.041,135.73,False
2022-01-07,8.5,8.35,74.5722,11.6503,84.4235,81.1445,135.73,False
2022-01-08,8.5,8.37,74.7121,11.6503,84.6005,81.248,135.456667,False
2022-01-09,8.5,8.39,74.8519,11.6503,84.7775,81.3514,135.183333,False
2022-01-10,8.5,8.41,74.9917,11.6503,84.9545,81.4549,134.91,False
2022-01-11,8.5,8.28,75.1315,11.7907,85.1315,81.5583,134.12,False
2022-01-12,8.5,8.31,74.8355,11.7446,84.8784,80.8159,133.73,False
2022-01-13,8.5,8.14,74.5277,11.7088,84.6709,80.6402,132.55,False
2022-01-14,8.5,8.19,74.5686,11.7246,85.4556,81.719,129.95,False
2022-01-15,8.5,8.23,74.5686,11.7246,85.4556,81.719,129.653333,False
2022-01-16,8.5,8.27,74.5686,11.7246,85.4556,81.719,129.356667,False
2022-01-17,8.5,8.31,74.5686,11.7246,85.4556,81.719,129.06,False
2022-01-18,8.5,8.37,76.0404,11.9798,86.8609,83.2863,128.83,False
2022-01-19,8.5,8.44,76.3347,12.018,87.0216,83.4989,130.12,False
2022-01-20,8.5,8.45,76.8697,12.1011,87.1318,83.928,129.81,False
2022-01-21,8.5,8.51,76.4408,12.052,86.8215,83.6241,129.46,False
2022-01-22,8.5,8.5067,76.4408,12.052,86.8215,83.6241,128.893333,False
2022-01-23,8.5,8.5033,76.4408,12.052,86.8215,83.6241,128.326667,False
2022-01-24,8.5,8.5,76.4408,12.052,86.8215,83.6241,127.76,False
2022-01-25,8.5,8.56,77.3649,12.219,87.5925,84.8206,127.51,False
2022-01-26,8.5,8.6,78.6422,12.4324,88.9286,85.7977,127.31,False
2022-01-27,8.5,8.59,78.9437,12.4864,89.1511,85.827,128.0,False
2022-01-28,8.5,8.54,78.947,12.4054,88.468,85.2007,128.83,False
2022-01-29,8.5,8.4933,78.947,12.4054,88.468,85.2007,128.883333,False
2022-01-30,8.5,8.4467,78.947,12.4054,88.468,85.2007,128.936667,False
2022-01-31,8.5,8.4,78.947,12.4054,88.468,85.2007,128.99,False
2022-02-01,8.5,8.15,77.4702,12.1789,86.5032,83.2297,129.23,False
2022-02-02,8.5,8.25,77.1302,12.1255,86.7869,83.4652,129.58,False
2022-02-03,8.5,8.17,76.4849,12.024,86.2826,83.1629,129.34,False
2022-02-04,8.5,8.14,76.6501,12.05,86.561,83.1978,129.54,False
2022-02-05,8.5,8.12,76.6501,12.05,86.561,83.1978,129.523333,False
2022-02-06,8.5,8.1,76.6501,12.05,86.561,83.1978,129.506667,False
2022-02-07,8.5,8.08,76.6501,12.05,86.561,83.1978,129.49,False
2022-02-08,8.5,8.19,75.6806,11.9028,86.5181,81.8257,129.51,False
2022-02-09,8.5,8.5,75.3042,11.8243,85.892,81.4804,129.56,False
2022-02-10,8.5,8.64,74.8015,11.7592,85.3784,80.9803,129.31,False
2022-02-11,8.5,8.96,74.7241,11.7502,85.3798,80.8702,127.96,False
2022-02-12,8.5,9.0733,74.7241,11.7502,85.3798,80.8702,127.116667,False
2022-02-13,8.5,9.1867,74.7241,11.7502,85.3798,80.8702,126.273333,False
2022-02-14,9.5,9.3,74.7241,11.7502,85.3798,80.8702,125.43,False
2022-02-15,9.5,9.56,76.5762,12.0416,86.8451,82.7761,126.52,False
2022-02-16,9.5,9.56,76.166,11.9988,86.2656,82.4397,127.63,False
2022-02-17,9.5,9.57,75.0141,11.841,85.306,81.0613,127.03,False
2022-02-18,9.5,9.61,75.7527,11.9516,86.1308,82.1613,126.97,False
2022-02-19,9.5,9.6,75.7527,11.9516,86.1308,82.1613,126.09,False
2022-02-20,9.5,9.59,75.7527,11.9516,86.1308,82.1613,125.21,False
2022-02-21,9.5,9.58,75.7527,11.9516,86.1308,82.1613,124.33,False
2022-02-22,9.5,9.81,76.7671,12.1208,87.3379,83.5879,121.46,False
2022-02-23,9.5,9.81,80.4194,12.6927,90.882,87.6124,121.46,False
2022-02-24,9.5,11.33,80.4194,12.6927,90.882,87.6124,104.3,False
2022-02-25,9.5,9.78,86.9288,13.7485,97.7688,94.4673,108.45,False
2022-02-26,9.5,13.2767,86.9288,13.7485,97.7688,94.4673,108.45,False
2022-02-27,9.5,16.7733,86.9288,13.7485,97.7688,94.4673,108.45,False
2022-02-28,20.0,20.27,86.9288,13.7485,97.7688,94.4673,108.45,False
2022-03-01,20.0,20.44,93.5589,14.8243,104.4772,101.0683,108.45,False
2022-03-02,20.0,19.89,91.7457,14.534,102.9112,100.2028,108.45,False
2022-03-03,20.0,18.85,103.2487,16.3599,114.5544,112.3612,108.134211,False
2022-03-04,20.0,19.24,111.7564,17.6869,124.0161,121.4479,107.818421,False
2022-03-05,20.0,19.24,111.7564,17.6869,124.0161,121.4479,107.502632,False
2022-03-06,20.0,19.24,111.7564,17.6869,124.0161,121.4479,107.186842,False
2022-03-07,20.0,19.24,111.7564,17.6869,124.0161,121.4479,106.871053,False
2022-03-08,20.0,19.24,111.7564,17.6869,124.0161,121.4479,106.555263,False
2022-03-09,20.0,19.43,111.7564,17.6869,124.0161,121.4479,106.239474,False
2022-03-10,20.0,19.51,116.0847,18.3719,126.4395,125.0104,105.923684,False
2022-03-11,20.0,19.48,120.3785,19.0415,132.9581,129.8441,105.607895,False
2022-03-12,20.0,19.4967,120.3785,19.0415,132.9581,129.8441,105.292105,False
2022-03-13,20.0,19.5133,120.3785,19.0415,132.9581,129.8441,104.976316,False
2022-03-14,20.0,19.53,120.3785,19.0415,132.9581,129.8441,104.660526,False
2022-03-15,20.0,19.59,115.1963,18.2218,127.2343,124.2544,104.344737,False
2022-03-16,20.0,19.62,111.4823,17.4743,122.4522,118.6108,104.028947,False
2022-03-17,20.0,19.5,108.0521,17.0155,118.7601,114.9001,103.713158,False
2022-03-18,20.0,19.53,104.8012,16.5039,115.9311,111.55,103.397368,False
2022-03-19,20.0,19.52,104.8012,16.5039,115.9311,111.55,103.081579,False
2022-03-20,20.0,19.51,104.8012,16.5039,115.9311,111.55,102.765789,False
2022-03-21,20.0,19.5,104.8012,16.5039,115.9311,111.55,102.45,False
2022-03-22,20.0,19.07,104.6819,16.4716,115.6002,112.4282,107.51,False
2022-03-23,20.0,19.05,104.0741,16.3582,114.7833,111.6196,106.85,False
2022-03-24,20.0,19.05,103.1618,16.1891,113.2613,110.3335,107.31,False
2022-03-25,20.0,19.19,96.0458,15.0771,105.4679,103.153,108.16,False
2022-03-26,20.0,19.17,96.0458,15.0771,105.4679,103.153,108.03,False
2022-03-27,20.0,19.15,96.0458,15.0771,105.4679,103.153,107.9,False
2022-03-28,20.0,19.13,96.0458,15.0771,105.4679,103.153,107.77,False
2022-03-29,20.0,19.26,93.7125,14.7104,102.6714,100.2058,109.44,False
2022-03-30,20.0,19.25,86.2843,13.555,96.0085,92.5301,114.26,False
2022-03-31,20.0,19.2,84.0851,13.2388,93.696,90.8145,116.97,False
2022-04-01,20.0,19.21,83.4097,13.1569,92.493,90.1921,117.19,False
2022-04-02,20.0,19.2167,83.4097,13.1569,92.493,90.1921,116.7,False
2022-04-03,20.0,19.2233,83.4097,13.1569,92.493,90.1921,116.21,False
2022-04-04,20.0,19.23,83.4097,13.1569,92.493,90.1921,115.72,False
2022-04-05,20.0,19.24,83.5932,13.1372,92.3872,90.1761,115.58,False
2022-04-06,20.0,19.21,83.352,13.0993,91.7289,89.9741,115.26,False
2022-04-07,20.0,19.16,82.5962,12.9838,90.5998,88.5655,115.22,False
2022-04-08,20.0,19.14,76.2547,11.9862,83.293,81.7219,119.01,False
2022-04-09,20.0,18.1567,76.2547,11.9862,83.293,81.7219,119.856667,False
2022-04-10,20.0,17.1733,76.2547,11.9862,83.293,81.7219,120.703333,False
2022-04-11,17.0,16.19,76.2547,11.9862,83.293,81.7219,121.55,False
2022-04-12,17.0,16.17,79.1596,12.4234,85.9752,84.6989,121.49,False
2022-04-13,17.0,16.19,79.6274,12.5043,86.7939,85.3456,122.11,False
2022-04-14,17.0,16.21,79.8471,12.5374,86.7219,85.7004,122.87,False
2022-04-15,17.0,16.2,81.288,12.7499,88.0024,86.939,122.18,False
2022-04-16,17.0,16.2,81.288,12.7499,88.0024,86.939,122.456667,False
2022-04-17,17.0,16.2,81.288,12.7499,88.0024,86.939,122.733333,False
2022-04-18,17.0,16.2,81.288,12.7499,88.0024,86.939,123.01,False
2022-04-19,17.0,16.2,79.4529,12.4818,86.4289,84.9764,124.71,False
2022-04-20,17.0,16.2,79.0287,12.3602,85.9674,83.531,125.7,False
2022-04-21,17.0,16.21,77.0809,12.0155,83.2705,81.3004,126.98,False
2022-04-22,17.0,16.21,74.999,11.635,81.2239,79.0795,126.74,False
2022-04-23,17.0,16.2133,74.999,11.635,81.2239,79.0795,126.436667,False
2022-04-24,17.0,16.2167,74.999,11.635,81.2239,79.0795,126.133333,False
2022-04-25,17.0,16.22,74.999,11.635,81.2239,79.0795,125.83,False
2022-04-26,17.0,16.29,73.3611,11.2289,77.4651,76.5214,126.26,False
2022-04-27,17.0,16.29,72.7089,11.1576,76.667,75.7463,126.14,False
2022-04-28,17.0,16.31,72.8764,11.1223,75.9224,75.4883,125.89,False
2022-04-29,17.0,16.62,72.2953,10.9613,75.3117,74.4391,126.17,False
2022-04-30,17.0,16.62,72.2953,10.9613,75.3117,74.4391,126.17,False
2022-05-01,17.0,16.62,72.2953,10.9613,75.3117,74.4391,126.17,False
2022-05-02,17.0,16.62,72.2953,10.9613,75.3117,74.4391,126.17,False
2022-05-03,17.0,16.62,72.2953,10.9613,75.3117,74.4391,126.17,False
2022-05-04,14.0,13.53,72.2953,10.9613,75.3117,74.4391,125.7,False
2022-05-05,14.0,13.87,69.416,10.4877,72.7815,70.8038,125.34,False
2022-05-06,14.0,14.11,66.2378,9.99646,70.0662,67.714,125.17,False
2022-05-07,14.0,14.11,66.2378,9.9965,70.0662,67.714,125.17,False
2022-05-08,14.0,14.11,66.2378,9.9965,70.0662,67.714,125.17,False
2022-05-09,14.0,14.11,66.2378,9.99646,70.0662,67.714,125.17,False
2022-05-10,14.0,14.11,66.2378,9.99646,70.0662,67.714,125.17,False
2022-05-11,14.0,14.09,66.2378,9.99646,70.0662,67.714,125.1,False
2022-05-12,14.0,14.07,68.8389,10.2029,72.6314,69.6468,124.92,False
2022-05-13,14.0,13.83,65.7916,9.6905,68.7835,66.0293,124.81,False
2022-05-14,14.0,13.7833,65.7916,9.6905,68.7835,66.0293,124.88,False
2022-05-15,14.0,13.7367,65.7916,9.6905,68.7835,66.0293,124.95,False
2022-05-16,14.0,13.69,65.7916,9.6905,68.7835,66.0293,125.02,False
2022-05-17,14.0,13.86,63.4445,9.36231,65.8166,63.1477,125.06,False
2022-05-18,14.0,13.8,63.5428,9.44705,66.3644,63.7724,124.95,False
2022-05-19,14.0,13.7,63.5643,9.45947,66.6135,63.7428,125.29,False
2022-05-20,14.0,13.65,62.4031,9.2395,64.9358,63.9114,125.61,False
2022-05-21,14.0,13.64,62.4031,9.2395,64.9358,63.9114,125.59,False
2022-05-22,14.0,13.63,62.4031,9.2395,64.9358,63.9114,125.57,False
2022-05-23,14.0,13.62,62.4031,9.2395,64.9358,63.9114,125.55,False
2022-05-24,14.0,13.58,58.2087,8.79854,60.3851,60.0585,125.58,False
2022-05-25,14.0,13.59,56.969,8.70648,58.8705,59.1517,128.06,False
2022-05-26,14.0,13.08,56.2996,8.5902,57.921,58.4749,129.53,False
2022-05-27,11.0,10.71,62.0495,9.47641,64.4392,64.4469,129.23,False
2022-05-28,11.0,10.71,62.0495,9.4764,64.4392,64.4469,129.143333,False
2022-05-29,11.0,10.71,62.0495,9.4764,64.4392,64.4469,129.056667,False
2022-05-30,11.0,10.71,62.0495,9.47641,64.4392,64.4469,128.97,False
2022-05-31,11.0,10.79,63.0975,9.56025,64.717,65.9395,128.98,False
2022-06-01,11.0,10.77,61.6069,9.40696,62.7397,64.0937,130.13,False
2022-06-02,11.0,10.7,61.4733,9.37092,63.6629,63.9414,131.61,False
2022-06-03,11.0,10.55,61.575,9.35701,64.9053,64.1006,131.71,False
2022-06-04,11.0,10.5,61.575,9.357,64.9053,64.1006,131.883333,False
2022-06-05,11.0,10.45,61.575,9.357,64.9053,64.1006,132.056667,False
2022-06-06,11.0,10.4,61.575,9.35701,64.9053,64.1006,132.23,False
2022-06-07,11.0,10.33,61.1094,9.30979,64.8669,63.7752,132.32,False
2022-06-08,11.0,10.69,60.9565,9.30036,64.5699,62.5067,132.31,False
2022-06-09,11.0,11.37,60.2282,9.26609,63.938,61.5327,132.71,False
2022-06-10,11.0,10.92,58.3895,9.08111,62.0934,59.6542,132.91,False
2022-06-11,11.0,10.92,58.3895,9.0811,62.0934,59.6542,132.91,False
2022-06-12,11.0,10.92,58.3895,9.0811,62.0934,59.6542,132.91,False
2022-06-13,11.0,10.92,58.3895,9.08111,62.0934,59.6542,132.91,False
2022-06-14,9.5,9.65,58.3895,9.08111,62.0934,59.6542,132.15,False
2022-06-15,9.5,9.74,57.0926,8.60514,59.2481,57.7568,132.12,False
2022-06-16,9.5,9.34,56.6624,8.54161,59.1204,56.8101,132.81,False
2022-06-17,9.5,9.02,56.8691,8.55449,58.9568,58.0356,132.76,False
2022-06-18,9.5,9.0067,56.8691,8.5545,58.9568,58.0356,132.83,False
2022-06-19,9.5,8.9933,56.8691,8.5545,58.9568,58.0356,132.9,False
2022-06-20,9.5,8.98,56.8691,8.55449,58.9568,58.0356,132.97,False
2022-06-21,9.5,8.85,56.1727,8.47402,58.8003,58.204,133.13,False
2022-06-22,9.5,8.87,54.7081,8.26992,57.4566,56.7041,133.2,False
2022-06-23,9.5,8.91,53.2788,8.02259,55.8307,55.0571,133.73,False
2022-06-24,9.5,8.91,53.3578,8.00483,55.9886,55.1502,134.24,False
2022-06-25,9.5,8.9033,53.3578,8.0048,55.9886,55.1502,134.46,False
2022-06-26,9.5,8.8967,53.3578,8.0048,55.9886,55.1502,134.68,False
2022-06-27,9.5,8.89,53.3578,8.00483,55.9886,55.1502,134.9,False
2022-06-28,9.5,8.97,53.3641,8.04837,56.0535,55.6978,135.1,False
2022-06-29,9.5,9.02,52.9699,7.97616,55.8886,55.5124,134.98,False
2022-06-30,9.5,9.02,51.158,7.69846,53.858,53.5406,134.62,False
2022-07-01,9.5,8.99,52.5123,8.28897,54.6405,54.9464,134.3,False
2022-07-02,9.5,8.95,52.5123,8.289,54.6405,54.9464,134.113333,False
2022-07-03,9.5,8.91,52.5123,8.289,54.6405,54.9464,133.926667,False
2022-07-04,9.5,8.87,52.5123,8.28897,54.6405,54.9464,133.74,False
2022-07-05,9.5,8.86,55.0858,8.71399,57.1836,57.393,133.19,False
2022-07-06,9.5,9.0,58.5118,8.94609,60.1618,60.6843,133.24,False
2022-07-07,9.5,9.03,62.911,9.55793,64.326,64.9169,133.78,False
2022-07-08,9.5,9.09,63.1427,9.59366,64.1349,64.9683,133.95,False
2022-07-09,9.5,9.14,63.1427,9.5937,64.1349,64.9683,133.906667,False
2022-07-10,9.5,9.19,63.1427,9.5937,64.1349,64.9683,133.863333,False
2022-07-11,9.5,9.24,63.1427,9.59366,64.1349,64.9683,133.82,False
2022-07-12,9.5,9.49,61.3045,9.21024,61.8056,62.6003,133.56,False
2022-07-13,9.5,9.32,58.8541,8.79476,58.7643,59.7686,133.41,False
2022-07-14,9.5,9.3,58.5322,8.72451,58.9002,59.8,133.44,False
2022-07-15,9.5,9.33,58.2568,8.63954,58.3432,59.186,133.49,False
2022-07-16,9.5,9.3433,58.2568,8.6395,58.3432,59.186,133.433333,False
2022-07-17,9.5,9.3567,58.2568,8.6395,58.3432,59.186,133.376667,False
2022-07-18,9.5,9.37,58.2568,8.63954,58.3432,59.186,133.32,False
2022-07-19,9.5,9.46,56.5616,8.42641,57.1526,58.0536,133.27,False
2022-07-20,9.5,9.5,55.437,8.25787,56.4463,57.1574,133.37,False
2022-07-21,9.5,9.47,54.8491,8.16011,55.826,56.5688,134.01,False
2022-07-22,9.5,9.31,56.4783,8.39854,57.1133,58.0754,135.5,False
2022-07-23,9.5,8.9033,56.4783,8.3985,57.1133,58.0754,135.636667,False
2022-07-24,9.5,8.4967,56.4783,8.3985,57.1133,58.0754,135.773333,False
2022-07-25,8.0,8.09,56.4783,8.39854,57.1133,58.0754,135.91,False
2022-07-26,8.0,8.29,57.7821,8.63099,58.6741,59.971,135.78,False
2022-07-27,8.0,8.24,58.6605,8.78717,59.4068,60.8385,135.84,False
2022-07-28,8.0,8.1,60.2198,9.04128,61.0032,62.6572,135.97,False
2022-07-29,8.0,8.15,60.2031,9.04549,61.2171,62.8687,136.2,False
2022-07-30,8.0,8.1067,60.2031,9.0455,61.2171,62.8687,136.21,False
2022-07-31,8.0,8.0633,60.2031,9.0455,61.2171,62.8687,136.22,False
2022-08-01,8.0,8.02,60.2031,9.04549,61.2171,62.8687,136.23,False
2022-08-02,8.0,8.0,62.0506,9.28229,63.2468,65.1381,136.24,False
2022-08-03,8.0,7.82,60.1595,8.95175,61.2656,63.2127,136.03,False
2022-08-04,8.0,7.8,60.2374,8.94465,61.1243,62.7996,136.05,False
2022-08-05,8.0,7.75,60.258,8.93362,61.0872,62.7034,135.94,False
2022-08-06,8.0,7.75,60.258,8.9336,61.0872,62.7034,135.933333,False
2022-08-07,8.0,7.75,60.258,8.9336,61.0872,62.7034,135.926667,False
2022-08-08,8.0,7.75,60.258,8.93362,61.0872,62.7034,135.92,False
2022-08-09,8.0,7.91,60.3164,8.9613,61.1615,62.941,135.95,False
2022-08-10,8.0,7.89,60.3814,8.95342,61.5542,63.4258,135.77,False
2022-08-11,8.0,7.9,60.4542,8.95251,61.704,63.5357,135.33,False
2022-08-12,8.0,7.9,60.6229,9.00583,62.5156,64.5199,134.85,False
2022-08-13,8.0,7.9,60.6229,9.0058,62.5156,64.5199,134.946667,False
2022-08-14,8.0,7.9,60.6229,9.0058,62.5156,64.5199,135.043333,False
2022-08-15,8.0,7.9,60.6229,9.00583,62.5156,64.5199,135.14,False
2022-08-16,8.0,7.91,61.3747,9.04515,62.5056,64.8918,135.27,False
2022-08-17,8.0,7.91,61.4247,9.01556,62.3551,64.7325,135.42,False
2022-08-18,8.0,7.91,60.7552,8.95099,61.8322,63.8923,135.46,False
2022-08-19,8.0,7.92,59.957,8.8274,60.8957,62.881,135.24,False
2022-08-20,8.0,7.9167,59.957,8.8274,60.8957,62.881,135.15,False
2022-08-21,8.0,7.9133,59.957,8.8274,60.8957,62.881,135.06,False
2022-08-22,8.0,7.91,59.957,8.8274,60.8957,62.881,134.97,False
2022-08-23,8.0,7.91,59.7419,8.71277,59.5344,62.2895,134.93,False
2022-08-24,8.0,7.92,59.8963,8.71738,59.3304,61.9724,134.8,False
2022-08-25,8.0,7.98,59.9974,8.73526,59.5082,62.3414,135.02,False
2022-08-26,8.0,8.12,59.7699,8.71936,59.5983,62.1115,135.06,False
2022-08-27,8.0,8.12,59.7699,8.7194,59.5983,62.1115,135.06,False
2022-08-28,8.0,8.12,59.7699,8.7194,59.5983,62.1115,135.06,False
2022-08-29,8.0,8.12,59.7699,8.71936,59.5983,62.1115,135.06,False
2022-08-30,8.0,8.08,60.3636,8.72167,59.9608,62.2755,135.13,False
2022-08-31,8.0,7.93,60.3677,8.7383,60.5752,62.2476,134.96,False
2022-09-01,8.0,7.87,60.2386,8.72611,60.2141,61.6504,135.1,False
2022-09-02,8.0,7.87,60.237,8.72835,60.2842,61.7246,135.41,False
2022-09-03,8.0,7.8733,60.237,8.7284,60.2842,61.7246,135.56,False
2022-09-04,8.0,7.8767,60.237,8.7284,60.2842,61.7246,135.71,False
2022-09-05,8.0,7.88,60.237,8.72835,60.2842,61.7246,135.86,False
2022-09-06,8.0,7.9,60.9033,8.78418,60.1408,61.9314,136.07,False
2022-09-07,8.0,7.77,60.8544,8.74706,60.4929,62.0837,136.05,False
2022-09-08,8.0,7.77,61.1814,8.7565,60.5458,62.2585,135.86,False
2022-09-09,8.0,7.79,60.801,8.73741,60.6952,62.3216,135.65,False
2022-09-10,8.0,7.73,60.801,8.7374,60.6952,62.3216,135.7,False
2022-09-11,8.0,7.67,60.801,8.7374,60.6952,62.3216,135.75,False
2022-09-12,8.0,7.61,60.801,8.73741,60.6952,62.3216,135.8,False
2022-09-13,8.0,7.73,60.4568,8.72525,61.3127,63.0087,135.55,False
2022-09-14,8.0,7.78,60.0676,8.66164,60.9364,63.1626,135.57,False
2022-09-15,8.0,7.71,59.7751,8.56771,59.8368,62.2204,135.72,False
2022-09-16,8.0,7.56,59.6663,8.54232,59.6196,62.1006,135.73,False
2022-09-17,8.0,7.49,59.6663,8.5423,59.6196,62.1006,135.186667,False
2022-09-18,8.0,7.42,59.6663,8.5423,59.6196,62.1006,134.643333,False
2022-09-19,7.5,7.35,59.6663,8.54232,59.6196,62.1006,134.1,False
2022-09-20,7.5,7.48,60.1662,8.55472,60.0426,62.213,132.47,False
2022-09-21,7.5,7.52,60.0158,8.54169,60.0507,62.1217,129.65,False
2022-09-22,7.5,7.45,60.8685,8.60242,60.211,63.0958,130.44,False
2022-09-23,7.5,7.43,59.8318,8.43825,58.9388,61.4731,128.89,False
2022-09-24,7.5,7.4467,59.8318,8.4383,58.9388,61.4731,127.916667,False
2022-09-25,7.5,7.4633,59.8318,8.4383,58.9388,61.4731,126.943333,False
2022-09-26,7.5,7.48,59.8318,8.43825,58.9388,61.4731,125.97,False
2022-09-27,7.5,7.7,57.999,8.09047,55.9278,58.8583,128.39,False
2022-09-28,7.5,7.74,58.1756,8.10556,55.9953,58.8703,128.21,False
2022-09-29,7.5,7.79,58.4485,8.072,55.7232,58.8309,126.65,False
2022-09-30,7.5,7.87,57.413,7.98495,55.4064,58.4178,125.74,False
2022-10-01,7.5,7.94,57.413,7.985,55.4064,58.4178,126.14,False
2022-10-02,7.5,8.01,57.413,7.985,55.4064,58.4178,126.54,False
2022-10-03,7.5,8.08,57.413,7.98495,55.4064,58.4178,126.94,False
2022-10-04,7.5,7.95,57.5664,8.13315,54.3947,58.2715,128.43,False
2022-10-05,7.5,7.94,58.7913,8.1823,56.1725,59.5174,128.39,False
2022-10-06,7.5,7.84,59.4043,8.3637,58.0613,60.5363,128.87,False
2022-10-07,7.5,7.78,60.2534,8.59078,58.2392,61.3266,128.69,False
2022-10-08,7.5,7.7367,60.2534,8.5908,58.2392,61.3266,128.346667,False
2022-10-09,7.5,7.6933,60.2534,8.5908,58.2392,61.3266,128.003333,False
2022-10-10,7.5,7.65,60.2534,8.59078,58.2392,61.3266,127.66,False
2022-10-11,7.5,7.52,62.3126,8.61548,60.8019,62.4688,128.62,False
2022-10-12,7.5,7.53,63.684,8.75241,62.3481,63.684,129.07,False
2022-10-13,7.5,7.45,63.7559,8.6698,62.5867,64.0441,129.26,False
2022-10-14,7.5,7.42,63.4917,8.70486,62.5903,63.5616,129.44,False
2022-10-15,7.5,7.4467,63.4917,8.7049,62.5903,63.5616,129.59,False
2022-10-16,7.5,7.4733,63.4917,8.7049,62.5903,63.5616,129.74,False
2022-10-17,7.5,7.5,63.4917,8.70486,62.5903,63.5616,129.89,False
2022-10-18,7.5,7.55,61.7634,8.52304,60.5608,61.5971,130.09,False
2022-10-19,7.5,7.49,61.7032,8.50975,60.53,61.9386,130.06,False
2022-10-20,7.5,7.46,61.5905,8.45711,60.1086,61.6028,130.35,False
2022-10-21,7.5,7.39,61.5018,8.45185,60.4371,61.1228,130.68,False
2022-10-22,7.5,7.3967,61.5018,8.4519,60.4371,61.1228,130.75,False
2022-10-23,7.5,7.4033,61.5018,8.4519,60.4371,61.1228,130.82,False
2022-10-24,7.5,7.41,61.5018,8.45185,60.4371,61.1228,130.89,False
2022-10-25,7.5,7.46,61.1629,8.32169,60.1575,61.1201,130.87,False
2022-10-26,7.5,7.5,61.3326,8.32416,60.4648,61.1613,130.81,False
2022-10-27,7.5,7.51,61.4277,8.47845,61.5682,62.2873,130.6,False
2022-10-28,7.5,7.5,61.3589,8.43967,61.5718,62.123,130.56,False
2022-10-29,7.5,7.5,61.3589,8.4397,61.5718,62.123,130.446667,False
2022-10-30,7.5,7.5,61.3589,8.4397,61.5718,62.123,130.333333,False
2022-10-31,7.5,7.5,61.3589,8.43967,61.5718,62.123,130.22,False
2022-11-01,7.5,7.54,61.6229,8.39469,61.1196,61.6722,130.16,False
2022-11-02,7.5,7.57,61.4275,8.40548,60.9668,61.8543,129.55,False
2022-11-03,7.5,7.63,61.6175,8.42847,60.9216,61.8277,129.55,False
2022-11-04,7.5,7.63,62.0955,8.43037,60.6071,61.3349,129.55,False
2022-11-05,7.5,7.6233,62.0955,8.4304,60.6071,61.3349,129.583333,False
2022-11-06,7.5,7.6167,62.0955,8.4304,60.6071,61.3349,129.616667,False
2022-11-07,7.5,7.61,62.0955,8.43037,60.6071,61.3349,129.65,False
2022-11-08,7.5,7.56,61.2367,8.43154,60.9013,61.7368,129.07,False
2022-11-09,7.5,7.54,60.9774,8.36997,60.8231,61.6556,128.85,False
2022-11-10,7.5,7.43,61.0611,8.39724,61.2445,61.9218,129.34,False
2022-11-11,7.5,7.39,61.2434,8.40456,61.0037,61.9998,129.54,False
2022-11-12,7.5,7.2767,61.2434,8.4046,61.0037,61.9998,129.526667,False
2022-11-13,7.5,7.1633,61.2434,8.4046,61.0037,61.9998,129.513333,False
2022-11-14,7.5,7.05,61.2434,8.40456,61.0037,61.9998,129.5,False
2022-11-15,7.5,7.2,60.3982,8.54248,62.1554,63.8661,129.53,False
2022-11-16,7.5,7.37,60.3116,8.53691,62.6297,64.1818,129.87,False
2022-11-17,7.5,7.43,60.3484,8.50026,62.6675,64.1527,130.53,False
2022-11-18,7.5,7.46,60.3894,8.44679,62.5712,63.7355,130.53,False
2022-11-19,7.5,7.4467,60.3894,8.4468,62.5712,63.7355,130.513333,False
2022-11-20,7.5,7.4333,60.3894,8.4468,62.5712,63.7355,130.496667,False
2022-11-21,7.5,7.42,60.3894,8.44679,62.5712,63.7355,130.48,False
2022-11-22,7.5,7.33,60.7379,8.47557,62.1245,63.328,130.25,False
2022-11-23,7.5,7.07,60.6566,8.47222,62.1774,63.4749,130.29,False
2022-11-24,7.5,6.83,60.5043,8.43616,62.285,63.6084,130.56,False
2022-11-25,7.5,6.84,60.3866,8.438,62.7814,64.0299,130.63,False
2022-11-26,7.5,6.8767,60.3866,8.438,62.7814,64.0299,130.643333,False
2022-11-27,7.5,6.9133,60.3866,8.438,62.7814,64.0299,130.656667,False
2022-11-28,7.5,6.95,60.3866,8.438,62.7814,64.0299,130.67,False
2022-11-29,7.5,7.06,60.752,8.41256,63.3008,64.4447,130.64,False
2022-11-30,7.5,7.21,61.0742,8.48798,63.3882,64.1603,130.6,False
2022-12-01,7.5,7.05,60.8803,8.53746,63.0504,64.0441,130.53,False
2022-12-02,7.5,7.37,61.1479,8.63709,63.8279,64.7753,130.45,False
2022-12-03,7.5,7.3267,61.1479,8.6371,63.8279,64.7753,130.376667,False
2022-12-04,7.5,7.2833,61.1479,8.6371,63.8279,64.7753,130.303333,False
2022-12-05,7.5,7.24,61.1479,8.63709,63.8279,64.7753,130.23,False
2022-12-06,7.5,7.27,62.1849,8.93117,65.5205,66.5506,130.17,False
2022-12-07,7.5,7.33,62.9103,8.96835,66.1087,66.6705,130.19,False
2022-12-08,7.5,7.29,62.9372,8.99043,65.8966,66.8265,130.43,False
2022-12-09,7.5,7.32,62.5722,8.97431,65.6762,66.3966,130.53,False
2022-12-10,7.5,7.3133,62.5722,8.9743,65.6762,66.3966,130.516667,False
2022-12-11,7.5,7.3067,62.5722,8.9743,65.6762,66.3966,130.503333,False
2022-12-12,7.5,7.3,62.5722,8.97431,65.6762,66.3966,130.49,False
2022-12-13,7.5,7.34,62.7674,8.98436,66.27,67.2604,130.64,False
2022-12-14,7.5,7.3,63.212,9.03731,66.7017,67.4981,130.69,False
2022-12-15,7.5,7.32,63.359,9.10864,67.4478,68.3484,130.59,False
2022-12-16,7.5,7.33,64.3015,9.20786,68.447,69.2233,130.6,False
2022-12-17,7.5,7.33,64.3015,9.2079,68.447,69.2233,130.476667,False
2022-12-18,7.5,7.33,64.3015,9.2079,68.447,69.2233,130.353333,False
2022-12-19,7.5,7.33,64.3015,9.20786,68.447,69.2233,130.23,False
2022-12-20,7.5,7.36,66.3474,9.49964,70.6196,71.3183,130.05,False
2022-12-21,7.5,7.35,69.0037,9.87901,73.3389,74.51,129.99,False
2022-12-22,7.5,7.33,70.5256,10.0836,75.0914,76.1369,130.16,False
2022-12-23,7.5,7.25,72.1306,10.26,76.6446,78.1141,130.2,False
2022-12-24,7.5,7.2233,72.1306,10.26,76.6446,78.1141,130.22,False
2022-12-25,7.5,7.1967,72.1306,10.26,76.6446,78.1141,130.24,False
2022-12-26,7.5,7.17,72.1306,10.26,76.6446,78.1141,130.26,False
2022-12-27,7.5,7.16,68.4487,9.73334,72.6226,73.498,130.24,False
2022-12-28,7.5,7.17,69.9346,9.94575,74.1829,75.3119,130.12,False
2022-12-29,7.5,7.2,71.3261,10.1469,75.66,76.6782,130.2,False
2022-12-30,7.5,7.2,71.9778,10.1306,76.0765,77.9487,130.4,False
2022-12-31,7.5,7.2,71.9778,10.1306,76.0765,77.9487,130.4,False
2023-01-01,7.5,7.2,71.9778,10.1306,76.0765,77.9487,130.4,False
2023-01-02,7.5,7.2,71.9778,10.1306,76.0765,77.9487,130.4,False
2023-01-03,7.5,7.2,71.9778,10.1306,76.0765,77.9487,130.91,False
2023-01-04,7.5,7.1733,71.9778,10.1306,76.0765,77.9487,131.11,False
2023-01-05,7.5,7.1467,71.6982,10.1306,75.9102,77.6308,131.26,False
2023-01-06,7.5,7.12,71.4186,10.1306,75.7438,77.3129,131.16,False
2023-01-07,7.5,7.0933,71.139,10.1306,75.5775,76.995,130.976667,False
2023-01-08,7.5,7.0667,70.8594,10.1306,75.4112,76.6771,130.793333,False
2023-01-09,7.5,7.04,70.5798,10.1306,75.2448,76.3592,130.61,False
2023-01-10,7.5,7.1,70.3002,10.2867,75.0785,76.0413,130.46,False
2023-01-11,7.5,7.1,69.6094,10.22,74.5438,75.6624,130.26,False
2023-01-12,7.5,6.85,69.0202,10.1396,74.1361,74.77,130.29,False
2023-01-13,7.5,6.71,67.7775,10.0016,72.7908,72.8008,130.37,False
2023-01-14,7.5,6.7433,67.7775,10.0016,72.7908,72.8008,130.35,False
2023-01-15,7.5,6.7767,67.7775,10.0016,72.7908,72.8008,130.33,False
2023-01-16,7.5,6.81,67.7775,10.0016,72.7908,72.8008,130.31,False
2023-01-17,7.5,7.13,68.2892,10.1368,73.8298,73.8182,130.37,False
2023-01-18,7.5,7.04,68.6644,10.1146,74.2646,74.3524,130.24,False
2023-01-19,7.5,7.0,68.8728,10.1751,74.5882,75.4109,130.35,False
2023-01-20,7.5,6.9,68.8467,10.132,74.4058,75.1355,130.27,False
2023-01-21,7.5,6.9,68.8467,10.132,74.4058,75.1355,130.206667,False
2023-01-22,7.5,6.9,68.8467,10.132,74.4058,75.1355,130.143333,False
2023-01-23,7.5,6.9,68.8467,10.132,74.4058,75.1355,130.08,False
2023-01-24,7.5,6.84,68.6288,10.1125,74.7307,74.7916,130.02,False
2023-01-25,7.5,6.91,68.7529,10.111,74.6948,74.5531,130.02,False
2023-01-26,7.5,6.87,68.9573,10.1479,74.9564,74.71,130.12,False
2023-01-27,7.5,6.85,69.1263,10.2491,75.3348,75.17,130.18,False
2023-01-28,7.5,6.8533,69.1263,10.2491,75.3348,75.17,130.186667,False
2023-01-29,7.5,6.8567,69.1263,10.2491,75.3348,75.17,130.193333,False
2023-01-30,7.5,6.86,69.1263,10.2491,75.3348,75.17,130.2,False
2023-01-31,7.5,7.05,69.5927,10.3077,75.7799,75.6936,130.16,False
2023-02-01,7.5,7.01,70.5174,10.4259,76.3004,76.0952,130.16,False
2023-02-02,7.5,7.0,70.1217,10.3905,76.2245,76.5354,130.23,False
2023-02-03,7.5,6.94,70.0414,10.4037,76.9564,77.1551,130.04,False
2023-02-04,7.5,6.9267,70.0414,10.4037,76.9564,77.1551,130.023333,False
2023-02-05,7.5,6.9133,70.0414,10.4037,76.9564,77.1551,130.006667,False
2023-02-06,7.5,6.9,70.0414,10.4037,76.9564,77.1551,129.99,False
2023-02-07,7.5,6.81,70.5991,10.3815,76.0347,76.439,130.0,False
2023-02-08,7.5,6.91,70.8924,10.4331,75.9087,76.5411,129.77,False
2023-02-09,7.5,6.81,71.5763,10.5391,76.8344,77.9528,129.64,False
2023-02-10,7.5,6.8,72.8949,10.7524,78.3223,79.363,129.62,False
2023-02-11,7.5,6.7767,72.8949,10.7524,78.3223,79.363,129.466667,False
2023-02-12,7.5,6.7533,72.8949,10.7524,78.3223,79.363,129.313333,False
2023-02-13,7.5,6.73,72.8949,10.7524,78.3223,79.363,129.16,False
2023-02-14,7.5,6.93,73.6307,10.7717,78.671,79.7473,128.94,False
2023-02-15,7.5,7.05,73.8645,10.8227,79.3355,80.6205,128.56,False
2023-02-16,7.5,7.13,74.2077,10.8473,79.5654,80.442,128.59,False
2023-02-17,7.5,7.24,74.7638,10.8855,79.9764,81.0184,128.52,False
2023-02-18,7.5,7.27,74.7638,10.8855,79.9764,81.0184,128.486667,False
2023-02-19,7.5,7.3,74.7638,10.8855,79.9764,81.0184,128.453333,False
2023-02-20,7.5,7.33,74.7638,10.8855,79.9764,81.0184,128.42,False
2023-02-21,7.5,7.46,74.0432,10.7797,79.133,80.1507,128.37,False
2023-02-22,7.5,7.45,74.8596,10.8562,79.7588,80.9994,128.53,False
2023-02-23,7.5,7.45,74.7087,10.8398,79.5716,80.5485,128.53,False
2023-02-24,7.5,7.45,74.7087,10.8398,79.5716,80.5485,128.9,False
2023-02-25,7.5,7.4467,74.7087,10.8398,79.5716,80.5485,128.863333,False
2023-02-26,7.5,7.4433,74.7087,10.8398,79.5716,80.5485,128.826667,False
2023-02-27,7.5,7.44,74.7087,10.8398,79.5716,80.5485,128.79,False
2023-02-28,7.5,7.67,75.4323,10.7928,79.623,80.1533,128.8,False
2023-03-01,7.5,7.65,74.8932,10.7467,79.5134,79.852,128.84,False
2023-03-02,7.5,7.53,75.2513,10.9077,80.1008,80.2681,128.89,False
2023-03-03,7.5,7.67,75.4729,10.9089,80.1897,80.1284,129.05,False
2023-03-04,7.5,7.67,75.4729,10.9089,80.1897,80.1284,129.063333,False
2023-03-05,7.5,7.67,75.4729,10.9089,80.1897,80.1284,129.076667,False
2023-03-06,7.5,7.67,75.4729,10.9089,80.1897,80.1284,129.09,False
2023-03-07,7.5,7.72,75.4728,10.8754,80.2353,80.7887,129.23,False
2023-03-08,7.5,7.72,75.4577,10.8672,80.5496,80.9111,129.23,False
2023-03-09,7.5,7.49,75.4577,10.8672,80.5496,80.9111,129.23,False
2023-03-10,7.5,7.22,75.9028,10.8623,80.1372,80.963,129.34,False
2023-03-11,7.5,7.1467,75.9028,10.8623,80.1372,80.963,129.32,False
2023-03-12,7.5,7.0733,75.9028,10.8623,80.1372,80.963,129.3,False
2023-03-13,7.5,7.0,75.9028,10.8623,80.1372,80.963,129.28,False
2023-03-14,7.5,7.11,75.4609,10.9313,80.6102,82.6969,129.2,False
2023-03-15,7.5,7.19,75.1927,10.9296,80.5192,82.4843,129.07,False
2023-03-16,7.5,7.19,75.7457,10.9704,80.8763,82.4667,129.0,False
2023-03-17,7.5,7.23,76.4095,11.0485,81.1418,82.4266,128.67,False
2023-03-18,7.5,7.2167,76.4095,11.0485,81.1418,82.4266,128.653333,False
2023-03-19,7.5,7.2033,76.4095,11.0485,81.1418,82.4266,128.636667,False
2023-03-20,7.5,7.19,76.4095,11.0485,81.1418,82.4266,128.62,False
2023-03-21,7.5,7.25,77.2422,11.2057,82.3736,83.1187,128.61,False
2023-03-22,7.5,7.2,76.8373,11.1652,82.5428,82.915,128.87,False
2023-03-23,7.5,7.02,76.9561,11.1547,82.967,83.4846,129.0,False
2023-03-24,7.5,7.04,76.3072,11.1662,83.1452,83.3594,129.13,False
2023-03-25,7.5,7.07,76.3072,11.1662,83.1452,83.3594,129.15,False
2023-03-26,7.5,7.1,76.3072,11.1662,83.1452,83.3594,129.17,False
2023-03-27,7.5,7.13,76.3072,11.1662,83.1452,83.3594,129.19,False
2023-03-28,7.5,7.2,76.5662,11.1098,82.2913,83.5693,129.09,False
2023-03-29,7.5,7.55,76.5939,11.1127,82.775,83.4993,129.07,False
2023-03-30,7.5,7.17,76.9781,11.1622,83.4859,83.6809,129.08,False
2023-03-31,7.5,7.36,77.0863,11.1847,83.7639,84.1278,129.08,False
2023-04-01,7.5,7.2833,77.0863,11.1847,83.7639,84.1278,129.1,False
2023-04-02,7.5,7.2067,77.0863,11.1847,83.7639,84.1278,129.12,False
2023-04-03,7.5,7.13,77.0863,11.1847,83.7639,84.1278,129.14,False
2023-04-04,7.5,7.03,77.951,11.3028,84.6185,84.951,128.91,False
2023-04-05,7.5,6.93,79.3563,11.5308,86.7207,87.023,128.84,False
2023-04-06,7.5,6.91,79.4961,11.5445,87.0954,87.8604,128.83,False
2023-04-07,7.5,7.02,80.6713,11.7039,88.1294,89.1987,128.53,False
2023-04-08,7.5,7.0167,80.6713,11.7039,88.1294,89.1987,128.616667,False
2023-04-09,7.5,7.0133,80.6713,11.7039,88.1294,89.1987,128.703333,False
2023-04-10,7.5,7.01,80.6713,11.7039,88.1294,89.1987,128.79,False
2023-04-11,7.5,7.12,81.7441,11.8746,89.1737,90.3849,128.83,False
2023-04-12,7.5,7.14,82.1799,11.9248,89.7271,90.8969,128.8,False
2023-04-13,7.5,7.18,82.0934,11.9142,89.7599,90.9118,128.77,False
2023-04-14,7.5,7.33,81.6758,11.8566,90.0035,91.6162,128.82,False
2023-04-15,7.5,7.3467,81.6758,11.8566,90.0035,91.6162,128.833333,False
2023-04-16,7.5,7.3633,81.6758,11.8566,90.0035,91.6162,128.846667,False
2023-04-17,7.5,7.38,81.6758,11.8566,90.0035,91.6162,128.86,False
2023-04-18,7.5,7.49,81.6279,11.852,89.659,91.2145,128.87,False
2023-04-19,7.5,7.42,81.6028,11.8482,89.5713,91.0746,128.9,False
2023-04-20,7.5,7.26,81.6549,11.8178,89.3736,90.8791,129.01,False
2023-04-21,7.5,7.11,81.6188,11.847,89.4638,91.1229,129.03,False
2023-04-22,7.5,7.0967,81.6188,11.847,89.4638,91.1229,129.073333,False
2023-04-23,7.5,7.0833,81.6188,11.847,89.4638,91.1229,129.116667,False
2023-04-24,7.5,7.07,81.6188,11.847,89.4638,91.1229,129.16,False
2023-04-25,7.5,7.05,81.2745,11.77,89.4589,91.3505,129.15,False
2023-04-26,7.5,6.89,81.5499,11.7664,90.0332,92.0012,129.17,False
2023-04-27,7.5,6.76,81.6274,11.7626,90.1436,91.7265,129.3,False
2023-04-28,7.5,7.25,81.5601,11.7609,90.2023,91.3839,129.59,False
2023-04-29,7.5,7.25,81.5601,11.7609,90.2023,91.3839,129.59,False
2023-04-30,7.5,7.25,81.5601,11.7609,90.2023,91.3839,129.59,False
2023-05-01,7.5,7.25,81.5601,11.7609,90.2023,91.3839,129.59,False
2023-05-02,7.5,7.4,81.5601,11.7609,90.2023,91.3839,129.71,False
2023-05-03,7.5,7.12,79.9609,11.4884,87.6556,89.0334,129.74,False
2023-05-04,7.5,7.11,79.3071,11.4456,87.575,89.34,129.7,False
2023-05-05,7.5,6.92,78.6139,11.3488,86.9986,88.5391,129.79,False
2023-05-06,7.5,6.92,78.6139,11.3488,86.9986,88.5391,129.803333,False
2023-05-07,7.5,6.92,78.6139,11.3488,86.9986,88.5391,129.816667,False
2023-05-08,7.5,6.92,78.6139,11.3488,86.9986,88.5391,129.83,False
2023-05-09,7.5,6.92,78.6139,11.3488,86.9986,88.5391,129.83,False
2023-05-10,7.5,7.24,78.6139,11.3488,86.9986,88.5391,129.77,False
2023-05-11,7.5,7.13,76.6929,11.039,84.1498,86.1041,129.79,False
2023-05-12,7.5,7.04,75.8846,10.9119,82.8877,84.8062,129.69,False
2023-05-13,7.5,7.09,75.8846,10.9119,82.8877,84.8062,129.696667,False
2023-05-14,7.5,7.14,75.8846,10.9119,82.8877,84.8062,129.703333,False
2023-05-15,7.5,7.19,75.8846,10.9119,82.8877,84.8062,129.71,False
2023-05-16,7.5,7.41,79.1004,11.3467,86.0862,88.1734,129.63,False
2023-05-17,7.5,7.15,79.9798,11.464,87.1619,89.5731,129.6,False
2023-05-18,7.5,7.24,80.7642,11.5124,87.5749,89.6981,129.7,False
2023-05-19,7.5,7.25,80.0366,11.3554,86.4964,88.89,129.78,False
2023-05-20,7.5,7.2533,80.0366,11.3554,86.4964,88.89,129.79,False
2023-05-21,7.5,7.2567,80.0366,11.3554,86.4964,88.89,129.8,False
2023-05-22,7.5,7.26,80.0366,11.3554,86.4964,88.89,129.81,False
2023-05-23,7.5,7.25,79.9379,11.3499,86.4963,89.2463,129.76,False
2023-05-24,7.5,7.25,80.1665,11.3504,86.5502,89.1333,129.78,False
2023-05-25,7.5,7.2,79.9669,11.3243,86.1995,88.6748,129.8,False
2023-05-26,7.5,7.17,79.9841,11.2816,85.8767,88.3022,129.81,False
2023-05-27,7.5,7.2033,79.9841,11.2816,85.8767,88.3022,129.79,False
2023-05-28,7.5,7.2367,79.9841,11.2816,85.8767,88.3022,129.77,False
2023-05-29,7.5,7.27,79.9841,11.2816,85.8767,88.3022,129.75,False
2023-05-30,7.5,7.21,80.0555,11.2901,85.9013,88.5668,129.72,False
2023-05-31,7.5,7.21,80.6872,11.3615,86.5119,89.167,129.72,False
2023-06-01,7.5,7.22,80.9942,11.3697,86.5009,88.8679,129.63,False
2023-06-02,7.5,7.25,80.9657,11.3629,86.5764,88.9537,129.63,False
2023-06-03,7.5,7.25,80.9657,11.3629,86.5764,88.9537,129.623333,False
2023-06-04,7.5,7.25,80.9657,11.3629,86.5764,88.9537,129.616667,False
2023-06-05,7.5,7.25,80.9657,11.3629,86.5764,88.9537,129.61,False
2023-06-06,7.5,7.27,81.3294,11.415,87.0318,89.2945,129.59,False
2023-06-07,7.5,7.28,81.2502,11.3892,86.9519,89.6504,129.56,False
2023-06-08,7.5,7.24,81.4581,11.4163,87.1651,89.8204,129.53,False
2023-06-09,7.5,7.21,82.093,11.4896,88.0379,90.3411,129.51,False
2023-06-10,7.5,7.21,82.093,11.4896,88.0379,90.3411,129.51,False
2023-06-11,7.5,7.21,82.093,11.4896,88.0379,90.3411,129.51,False
2023-06-12,7.5,7.21,82.093,11.4896,88.0379,90.3411,129.51,False
2023-06-13,7.5,7.37,82.093,11.4896,88.0379,90.3411,129.42,False
2023-06-14,7.5,7.33,83.6405,11.6681,90.3899,92.4409,129.25,False
2023-06-15,7.5,7.26,84.3249,11.7626,91.0668,93.2488,129.23,False
2023-06-16,7.5,7.25,83.9611,11.7356,90.9665,92.9596,129.29,False
2023-06-17,7.5,7.2267,83.9611,11.7356,90.9665,92.9596,129.266667,False
2023-06-18,7.5,7.2033,83.9611,11.7356,90.9665,92.9596,129.243333,False
2023-06-19,7.5,7.18,83.9611,11.7356,90.9665,92.9596,129.22,False
2023-06-20,7.5,7.1,83.9866,11.7153,91.7966,93.8817,129.03,False
2023-06-21,7.5,7.1,84.2336,11.7255,92.0745,93.8327,128.93,False
2023-06-22,7.5,7.11,84.2467,11.7059,92.0014,93.7429,128.87,False
2023-06-23,7.5,7.1,83.6077,11.6221,91.943,93.4895,128.92,False
2023-06-24,7.5,7.1133,83.6077,11.6221,91.943,93.4895,128.843333,False
2023-06-25,7.5,7.1267,83.6077,11.6221,91.943,93.4895,128.766667,False
2023-06-26,7.5,7.14,83.6077,11.6221,91.943,93.4895,128.69,False
2023-06-27,7.5,7.11,84.6642,11.6875,92.2969,94.915,128.73,False
2023-06-28,7.5,7.23,85.0504,11.768,93.1373,95.1773,128.7,False
2023-06-29,7.5,7.34,85.6192,11.7958,93.8644,95.3656,128.61,False
2023-06-30,7.5,7.44,87.0341,11.9894,95.1052,97.2448,128.41,False
2023-07-01,7.5,7.4233,87.0341,11.9894,95.1052,97.2448,128.39,False
2023-07-02,7.5,7.4067,87.0341,11.9894,95.1052,97.2448,128.37,False
2023-07-03,7.5,7.39,87.0341,11.9894,95.1052,97.2448,128.35,False
2023-07-04,7.5,7.15,89.3255,12.2923,97.2582,99.3389,128.27,False
2023-07-05,7.5,7.17,89.545,12.3722,97.7382,99.9609,128.33,False
2023-07-06,7.5,7.18,90.338,12.4484,98.4144,100.476,128.16,False
2023-07-07,7.5,7.17,92.5695,12.7551,100.7163,103.3834,128.1,False
2023-07-08,7.5,7.1767,92.5695,12.7551,100.7163,103.3834,128.033333,False
2023-07-09,7.5,7.1833,92.5695,12.7551,100.7163,103.3834,127.966667,False
2023-07-10,7.5,7.19,92.5695,12.7551,100.7163,103.3834,127.9,False
2023-07-11,7.5,7.52,91.4931,12.6231,100.4155,102.7666,127.78,False
2023-07-12,7.5,7.48,90.5045,12.5491,99.6775,102.5547,127.71,False
2023-07-13,7.5,7.47,90.6253,12.5829,99.889,103.1709,127.7,False
2023-07-14,7.5,7.6,90.1757,12.581,100.6788,104.5879,127.58,False
2023-07-15,7.5,7.7233,90.1757,12.581,100.6788,104.5879,127.48,False
2023-07-16,7.5,7.8467,90.1757,12.581,100.6788,104.5879,127.38,False
2023-07-17,7.5,7.97,90.1757,12.581,100.6788,104.5879,127.28,False
2023-07-18,7.5,7.89,90.4217,12.5927,101.6496,105.1782,127.05,False
2023-07-19,7.5,7.87,90.6906,12.6351,102.0271,105.7493,126.91,False
2023-07-20,7.5,7.89,91.2046,12.6303,102.4441,106.3115,126.97,False
2023-07-21,7.5,8.03,90.8545,12.6455,101.833,105.4976,126.87,False
2023-07-22,7.5,8.0867,90.8545,12.6455,101.833,105.4976,126.89,False
2023-07-23,7.5,8.1433,90.8545,12.6455,101.833,105.4976,126.91,False
2023-07-24,8.5,8.2,90.8545,12.6455,101.833,105.4976,126.93,False
2023-07-25,8.5,8.19,90.489,12.5536,100.3614,104.6479,127.02,False
2023-07-26,8.5,8.19,90.0945,12.5988,99.6918,103.7358,127.11,False
2023-07-27,8.5,8.19,90.0468,12.5766,99.7156,104.4021,127.1,False
2023-07-28,8.5,8.2,90.0225,12.5897,100.2173,105.1665,126.99,False
2023-07-29,8.5,8.2167,90.0225,12.5897,100.2173,105.1665,126.946667,False
2023-07-30,8.5,8.2333,90.0225,12.5897,100.2173,105.1665,126.903333,False
2023-07-31,8.5,8.25,90.0225,12.5897,100.2173,105.1665,126.86,False
2023-08-01,8.5,8.16,91.5923,12.7949,100.9428,105.1939,126.79,False
2023-08-02,8.5,8.08,91.7755,12.7855,100.6988,105.4043,126.7,False
2023-08-03,8.5,7.93,92.841,12.9223,101.9268,105.862,126.54,False
2023-08-04,8.5,7.88,93.7792,13.0395,102.531,106.8952,126.41,False
2023-08-05,8.5,7.8867,93.7792,13.0395,102.531,106.8952,126.38,False
2023-08-06,8.5,7.8933,93.7792,13.0395,102.531,106.8952,126.35,False
2023-08-07,8.5,7.9,93.7792,13.0395,102.531,106.8952,126.32,False
2023-08-08,8.5,8.25,96.5668,13.41,106.0543,110.2738,126.14,False
2023-08-09,8.5,8.31,96.0755,13.277,105.4352,109.9639,125.74,False
2023-08-10,8.5,8.27,97.3999,13.4741,106.8897,111.3396,125.47,False
2023-08-11,8.5,8.45,97.2794,13.459,107.1563,111.4056,125.23,False
2023-08-12,8.5,8.4933,97.2794,13.459,107.1563,111.4056,125.013333,False
2023-08-13,8.5,8.5367,97.2794,13.459,107.1563,111.4056,124.796667,False
2023-08-14,8.5,8.58,97.2794,13.459,107.1563,111.4056,124.58,False
2023-08-15,12.0,11.44,101.0399,13.8741,110.6847,115.224,123.8,False
2023-08-16,12.0,11.79,97.4217,13.3227,106.5736,111.2247,124.17,False
2023-08-17,12.0,11.82,96.7045,13.2065,105.6591,110.1418,124.53,False
2023-08-18,12.0,11.9,93.746,12.7875,102.181,106.5901,125.0,False
2023-08-19,12.0,11.8967,93.746,12.7875,102.181,106.5901,125.006667,False
2023-08-20,12.0,11.8933,93.746,12.7875,102.181,106.5901,125.013333,False
2023-08-21,12.0,11.89,93.746,12.7875,102.181,106.5901,125.02,False
2023-08-22,12.0,11.86,94.1424,12.862,102.5719,106.9314,124.86,False
2023-08-23,12.0,11.86,94.1185,12.8734,102.753,107.2331,124.64,False
2023-08-24,12.0,11.86,94.4421,12.9215,102.2452,107.2718,124.34,False
2023-08-25,12.0,11.89,94.4007,12.9407,102.4719,107.3467,124.21,False
2023-08-26,12.0,11.88,94.4007,12.9407,102.4719,107.3467,124.17,False
2023-08-27,12.0,11.87,94.4007,12.9407,102.4719,107.3467,124.13,False
2023-08-28,12.0,11.86,94.4007,12.9407,102.4719,107.3467,124.09,False
2023-08-29,12.0,11.88,95.4717,13.055,103.2434,107.9752,123.97,False
2023-08-30,12.0,11.88,95.707,13.1096,103.4765,108.1679,123.94,False
2023-08-31,12.0,11.82,95.9283,13.1311,104.4496,109.0714,123.89,False
2023-09-01,12.0,11.85,96.3344,13.1943,104.9407,109.3715,123.78,False
2023-09-02,12.0,11.8533,96.3344,13.1943,104.9407,109.3715,123.696667,False
2023-09-03,12.0,11.8567,96.3344,13.1943,104.9407,109.3715,123.613333,False
2023-09-04,12.0,11.86,96.3344,13.1943,104.9407,109.3715,123.53,False
2023-09-05,12.0,11.83,96.6199,13.2861,104.4171,109.2614,123.21,False
2023-09-06,12.0,11.77,97.5383,13.3402,104.9043,109.8652,122.34,False
2023-09-07,12.0,11.65,97.8439,13.3749,105.0789,109.974,121.06,False
2023-09-08,12.0,11.57,98.1961,13.3787,105.2776,110.0977,120.48,False
2023-09-09,12.0,11.57,98.1961,13.3787,105.2776,110.0977,120.443333,False
2023-09-10,12.0,11.57,98.1961,13.3787,105.2776,110.0977,120.406667,False
2023-09-11,12.0,11.57,98.1961,13.3787,105.2776,110.0977,120.37,False
2023-09-12,12.0,11.99,96.5083,13.1975,103.5332,108.2296,120.93,False
2023-09-13,12.0,12.01,94.7035,12.9522,101.5646,106.2175,121.59,False
2023-09-14,12.0,12.34,95.9794,13.1735,103.1066,107.4677,121.02,False
2023-09-15,12.0,12.35,96.1609,13.1931,103.2289,107.6348,120.74,False
2023-09-16,12.0,12.43,96.1609,13.1931,103.2289,107.6348,120.91,False
2023-09-17,12.0,12.51,96.1609,13.1931,103.2289,107.6348,121.08,False
2023-09-18,13.0,12.59,96.1609,13.1931,103.2289,107.6348,121.25,False
2023-09-19,13.0,12.4,96.6472,13.2387,103.0945,107.8291,121.14,False
2023-09-20,13.0,12.47,96.2236,13.1695,102.9211,107.3684,120.77,False
2023-09-21,13.0,12.45,96.6172,13.2097,103.3699,107.6755,120.84,False
2023-09-22,13.0,12.33,96.0762,13.1335,102.3606,105.9041,120.7,False
2023-09-23,13.0,12.36,96.0762,13.1335,102.3606,105.9041,120.66,False
2023-09-24,13.0,12.39,96.0762,13.1335,102.3606,105.9041,120.62,False
2023-09-25,13.0,12.42,96.0762,13.1335,102.3606,105.9041,120.58,False
2023-09-26,13.0,12.45,96.1456,13.1394,102.2453,105.6661,120.41,False
2023-09-27,13.0,12.48,96.2378,13.1504,101.9888,105.4776,120.28,False
2023-09-28,13.0,12.55,96.5,13.1852,101.978,105.2689,119.7,False
2023-09-29,13.0,12.56,97.0018,13.2753,102.0979,105.5744,119.34,False
2023-09-30,13.0,12.5267,97.0018,13.2753,102.0979,105.5744,119.18,False
2023-10-01,13.0,12.4933,97.0018,13.2753,102.0979,105.5744,119.02,False
2023-10-02,13.0,12.46,97.0018,13.2753,102.0979,105.5744,118.86,False
2023-10-03,13.0,12.43,98.4785,13.4955,103.868,108.0282,118.91,False
2023-10-04,13.0,12.41,99.2677,13.5556,104.0621,107.8997,118.6,False
2023-10-05,13.0,12.48,99.4555,13.5779,104.3024,108.2568,118.42,False
2023-10-06,13.0,12.55,99.6762,13.6183,104.7877,108.5916,118.31,False
2023-10-07,13.0,12.6533,99.6762,13.6183,104.7877,108.5916,118.243333,False
2023-10-08,13.0,12.7567,99.6762,13.6183,104.7877,108.5916,118.176667,False
2023-10-09,13.0,12.86,99.6762,13.6183,104.7877,108.5916,118.11,False
2023-10-10,13.0,13.0,101.3598,13.8926,107.0322,111.2988,117.95,False
2023-10-11,13.0,12.87,99.9349,13.6821,105.6864,110.5352,117.91,False
2023-10-12,13.0,12.97,99.9808,13.6982,105.9544,110.7452,118.6,False
2023-10-13,13.0,13.19,96.9948,13.284,103.035,107.76,118.71,False
2023-10-14,13.0,13.1767,96.9948,13.284,103.035,107.76,118.78,False
2023-10-15,13.0,13.1633,96.9948,13.284,103.035,107.76,118.85,False
2023-10-16,13.0,13.15,96.9948,13.284,103.035,107.76,118.92,False
2023-10-17,13.0,13.15,97.2865,13.2893,102.52,107.7728,118.97,False
2023-10-18,13.0,13.15,97.3458,13.2855,102.7527,107.8385,118.62,False
2023-10-19,13.0,13.11,97.3724,13.2881,102.9059,108.324,118.42,False
2023-10-20,13.0,13.13,97.3074,13.2533,102.6255,108.1915,118.46,False
2023-10-21,13.0,13.12,97.3074,13.2533,102.6255,108.1915,118.473333,False
2023-10-22,13.0,13.11,97.3074,13.2533,102.6255,108.1915,118.486667,False
2023-10-23,13.0,13.1,97.3074,13.2533,102.6255,108.1915,118.5,False
2023-10-24,13.0,13.03,94.7081,12.9219,100.303,106.1036,118.48,False
2023-10-25,13.0,12.89,93.5224,12.766,99.5534,103.603,118.51,False
2023-10-26,13.0,12.64,93.1507,12.7084,98.6543,103.1912,118.49,False
2023-10-27,13.0,12.62,93.5616,12.7507,98.7376,104.0845,117.72,False
2023-10-28,13.0,13.1467,93.5616,12.7507,98.7376,104.0845,117.586667,False
2023-10-29,13.0,13.6733,93.5616,12.7507,98.7376,104.0845,117.453333,False
2023-10-30,15.0,14.2,93.5616,12.7507,98.7376,104.0845,117.32,False
2023-10-31,15.0,14.5,93.2435,12.7071,98.6164,104.6034,117.54,False
2023-11-01,15.0,14.38,92.0226,12.5339,97.9345,103.095,117.81,False
2023-11-02,15.0,14.3,93.2801,12.7052,98.4365,104.6328,119.07,False
2023-11-03,15.0,14.13,93.173,12.7042,98.9995,104.1039,120.0,False
2023-11-04,15.0,14.13,93.173,12.7042,98.9995,104.1039,120.363333,False
2023-11-05,15.0,14.13,93.173,12.7042,98.9995,104.1039,120.726667,False
2023-11-06,15.0,14.13,93.173,12.7042,98.9995,104.1039,121.09,False
2023-11-07,15.0,14.19,93.173,12.7042,98.9995,104.1039,120.39,False
2023-11-08,15.0,14.3,92.4151,12.6656,98.7863,102.331,120.38,False
2023-11-09,15.0,14.58,92.1973,12.663,98.4403,102.2256,121.41,False
2023-11-10,15.0,14.56,91.9266,12.5998,98.4076,101.0627,122.13,False
2023-11-11,15.0,14.6067,91.9266,12.5998,98.4076,101.0627,121.92,False
2023-11-12,15.0,14.6533,91.9266,12.5998,98.4076,101.0627,121.71,False
2023-11-13,15.0,14.7,91.9266,12.5998,98.4076,101.0627,121.5,False
2023-11-14,15.0,15.03,92.1185,12.6122,98.5314,101.8559,120.64,False
2023-11-15,15.0,14.73,91.257,12.4948,97.7781,101.838,121.14,False
2023-11-16,15.0,14.99,89.4565,12.3348,97.1334,99.374,121.41,False
2023-11-17,15.0,15.02,88.9466,12.2479,96.5921,98.5995,121.54,False
2023-11-18,15.0,15.0333,88.9466,12.2479,96.5921,98.5995,121.603333,False
2023-11-19,15.0,15.0467,88.9466,12.2479,96.5921,98.5995,121.666667,False
2023-11-20,15.0,15.06,88.9466,12.2479,96.5921,98.5995,121.73,False
2023-11-21,15.0,15.17,88.4954,12.323,96.6597,98.0776,121.95,False
2023-11-22,15.0,15.14,87.8701,12.3009,96.2561,99.3781,122.25,False
2023-11-23,15.0,15.11,88.1648,12.3026,96.1475,99.6888,122.46,False
2023-11-24,15.0,15.14,88.1206,12.3225,96.2273,99.8081,122.44,False
2023-11-25,15.0,15.16,88.1206,12.3225,96.2273,99.8081,122.393333,False
2023-11-26,15.0,15.18,88.1206,12.3225,96.2273,99.8081,122.346667,False
2023-11-27,15.0,15.2,88.1206,12.3225,96.2273,99.8081,122.3,False
2023-11-28,15.0,15.24,88.7045,12.3842,97.1594,100.629,122.31,False
2023-11-29,15.0,15.09,88.6102,12.3685,97.0659,100.6934,122.39,False
2023-11-30,15.0,15.02,88.8841,12.4527,97.6503,101.3849,122.17,False
2023-12-01,15.0,14.82,88.5819,12.3927,96.8827,101.248,121.93,False
2023-12-02,15.0,14.7967,88.5819,12.3927,96.8827,101.248,121.553333,False
2023-12-03,15.0,14.7733,88.5819,12.3927,96.8827,101.248,121.176667,False
2023-12-04,15.0,14.75,88.5819,12.3927,96.8827,101.248,120.8,False
2023-12-05,15.0,14.55,90.6728,12.6897,98.5768,103.9349,120.45,False
2023-12-06,15.0,14.56,91.5823,12.8073,99.134,104.8332,120.24,False
2023-12-07,15.0,14.49,92.7826,12.9511,100.1353,106.0979,120.11,False
2023-12-08,15.0,14.51,92.5654,12.922,99.8131,105.995,120.23,False
2023-12-09,15.0,14.6267,92.5654,12.922,99.8131,105.995,120.13,False
2023-12-10,15.0,14.7433,92.5654,12.922,99.8131,105.995,120.03,False
2023-12-11,15.0,14.86,92.5654,12.922,99.8131,105.995,119.93,False
2023-12-12,15.0,15.05,90.9846,12.6503,98.0769,103.5092,119.41,False
2023-12-13,15.0,15.36,90.2158,12.5636,97.403,102.7632,119.13,False
2023-12-14,15.0,15.7,89.8926,12.4993,96.95,102.5937,119.03,False
2023-12-15,15.0,15.88,89.6741,12.5457,97.7377,102.9317,119.04,False
2023-12-16,15.0,15.82,89.6741,12.5457,97.7377,102.9317,119.34,False
2023-12-17,15.0,15.76,89.6741,12.5457,97.7377,102.9317,119.64,False
2023-12-18,16.0,15.7,89.6741,12.5457,97.7377,102.9317,119.94,False
2023-12-19,16.0,15.49,90.4162,12.6578,98.7578,104.0822,120.61,False
2023-12-20,16.0,15.51,90.087,12.579,98.5764,103.9905,121.22,False
2023-12-21,16.0,15.39,90.4056,12.6577,99.048,104.9398,121.66,False
2023-12-22,16.0,15.39,91.7062,12.8124,100.5113,106.3877,121.76,False
2023-12-23,16.0,15.3833,91.7062,12.8124,100.5113,106.3877,121.753333,False
2023-12-24,16.0,15.3767,91.7062,12.8124,100.5113,106.3877,121.746667,False
2023-12-25,16.0,15.37,91.7062,12.8124,100.5113,106.3877,121.74,False
2023-12-26,16.0,15.36,91.969,12.8379,101.5781,107.4906,121.44,False
2023-12-27,16.0,15.31,91.7069,12.7937,101.1178,107.1843,121.24,False
2023-12-28,16.0,15.31,91.7051,12.8011,101.3451,107.6477,121.17,False
2023-12-29,16.0,15.31,90.3041,12.6749,100.5506,108.1486,121.05,False
2023-12-30,16.0,15.31,90.3041,12.6749,100.5506,108.1486,121.05,False
2023-12-31,16.0,15.31,90.3041,12.6749,100.5506,108.1486,121.05,False
2024-01-01,16.0,15.31,90.3041,12.6749,100.5506,108.1486,121.05,False
2024-01-02,16.0,15.31,90.3041,12.6749,100.5506,108.1486,121.05,False
2024-01-03,16.0,15.3857,90.3041,12.6749,100.5506,108.1486,121.48,False
2024-01-04,16.0,15.4614,90.3184,12.6749,100.3266,107.8981,121.47,False
2024-01-05,16.0,15.5371,90.3326,12.6749,100.1026,107.6476,121.43,False
2024-01-06,16.0,15.6129,90.3469,12.6749,99.8786,107.3971,121.45,False
2024-01-07,16.0,15.6886,90.3612,12.6749,99.6545,107.1467,121.47,False
2024-01-08,16.0,15.7643,90.3755,12.6749,99.4305,106.8962,121.49,False
2024-01-09,16.0,15.84,90.3897,12.6749,99.2065,106.6457,121.02,False
2024-01-10,16.0,15.38,90.404,12.5861,98.9825,106.3952,120.75,False
2024-01-11,16.0,15.14,89.3939,12.4305,97.8745,104.9101,120.35,False
2024-01-12,16.0,15.09,88.7818,12.363,97.5401,104.3387,119.93,False
2024-01-13,16.0,15.2833,88.7818,12.363,97.5401,104.3387,120.006667,False
2024-01-14,16.0,15.4767,88.7818,12.363,97.5401,104.3387,120.083333,False
2024-01-15,16.0,15.67,88.7818,12.363,97.5401,104.3387,120.16,False
2024-01-16,16.0,15.59,87.6772,12.152,96.0682,102.6785,120.26,False
2024-01-17,16.0,15.57,87.6457,12.1217,95.6007,101.8426,120.64,False
2024-01-18,16.0,15.56,88.354,12.1935,96.0531,102.5107,121.0,False
2024-01-19,16.0,15.69,88.661,12.249,96.5882,102.5813,121.27,False
2024-01-20,16.0,15.72,88.661,12.249,96.5882,102.5813,121.263333,False
2024-01-21,16.0,15.75,88.661,12.249,96.5882,102.5813,121.256667,False
2024-01-22,16.0,15.78,88.661,12.249,96.5882,102.5813,121.25,False
2024-01-23,16.0,15.82,87.9724,12.1803,95.8854,101.3857,121.3,False
2024-01-24,16.0,15.87,87.9199,12.2274,95.8266,101.2785,121.21,False
2024-01-25,16.0,15.9,88.2829,12.2887,96.1657,102.0494,121.33,False
2024-01-26,16.0,15.7,88.6562,12.327,96.6365,102.6708,121.42,False
2024-01-27,16.0,15.6867,88.6562,12.327,96.6365,102.6708,121.396667,False
2024-01-28,16.0,15.6733,88.6562,12.327,96.6365,102.6708,121.373333,False
2024-01-29,16.0,15.66,88.6562,12.327,96.6365,102.6708,121.35,False
2024-01-30,16.0,15.8,89.609,12.449,96.9777,103.9668,121.13,False
2024-01-31,16.0,15.81,89.2887,12.4066,96.7895,103.4512,121.19,False
2024-02-01,16.0,15.79,89.6678,12.458,97.1149,103.9145,121.04,False
2024-02-02,16.0,15.81,90.2299,12.5357,97.4009,104.5659,120.82,False
2024-02-03,16.0,15.8233,90.2299,12.5357,97.4009,104.5659,120.773333,False
2024-02-04,16.0,15.8367,90.2299,12.5357,97.4009,104.5659,120.726667,False
2024-02-05,16.0,15.85,90.2299,12.5357,97.4009,104.5659,120.68,False
2024-02-06,16.0,15.97,91.2434,12.6335,98.2279,104.8413,120.65,False
2024-02-07,16.0,16.0,90.6842,12.5926,97.444,103.936,120.65,False
2024-02-08,16.0,15.89,91.1514,12.6484,98.0936,104.6274,120.51,False
2024-02-09,16.0,15.84,91.2561,12.6352,98.3543,104.5556,120.35,False
2024-02-10,16.0,15.9067,91.2561,12.6352,98.3543,104.5556,120.363333,False
2024-02-11,16.0,15.9733,91.2561,12.6352,98.3543,104.5556,120.376667,False
2024-02-12,16.0,16.04,91.2561,12.6352,98.3543,104.5556,120.39,False
2024-02-13,16.0,16.05,91.0758,12.5526,98.1512,104.0272,120.43,False
2024-02-14,16.0,15.82,91.2057,12.5814,98.1917,103.6546,120.41,False
2024-02-15,16.0,15.49,91.4316,12.5833,97.8133,103.0447,120.07,False
2024-02-16,16.0,15.4,91.8237,12.6566,98.4099,103.9788,119.83,False
2024-02-17,16.0,15.3867,91.8237,12.6566,98.4099,103.9788,119.73,False
2024-02-18,16.0,15.3733,91.8237,12.6566,98.4099,103.9788,119.63,False
2024-02-19,16.0,15.36,91.8237,12.6566,98.4099,103.9788,119.53,False
2024-02-20,16.0,15.45,92.4102,12.7662,99.4889,104.8805,119.41,False
2024-02-21,16.0,15.46,92.349,12.797,99.5589,104.7397,119.25,False
2024-02-22,16.0,15.57,92.4387,12.8039,99.8968,104.9605,119.27,False
2024-02-23,16.0,15.57,92.7519,12.7951,100.4425,105.7363,119.27,False
2024-02-24,16.0,15.5833,92.7519,12.7951,100.4425,105.7363,119.28,False
2024-02-25,16.0,15.5967,92.7519,12.7951,100.4425,105.7363,119.29,False
2024-02-26,16.0,15.61,92.7519,12.7951,100.4425,105.7363,119.3,False
2024-02-27,16.0,15.72,92.6321,12.7809,100.1776,105.2638,119.1,False
2024-02-28,16.0,15.75,92.0425,12.7357,99.9214,104.6532,119.1,False
2024-02-29,16.0,15.95,91.8692,12.7085,99.45,104.231,118.95,False
2024-03-01,16.0,15.65,90.8423,12.5675,98.5447,103.4533,119.04,False
2024-03-02,16.0,15.5167,90.8423,12.5675,98.5447,103.4533,118.883333,False
2024-03-03,16.0,15.3833,90.8423,12.5675,98.5447,103.4533,118.726667,False
2024-03-04,16.0,15.25,90.8423,12.5675,98.5447,103.4533,118.57,False
2024-03-05,16.0,15.26,91.3534,12.6478,99.1061,103.5049,118.15,False
2024-03-06,16.0,15.38,91.1604,12.618,98.9366,102.9131,117.68,False
2024-03-07,16.0,15.5,90.3412,12.5061,98.2017,102.1382,117.44,False
2024-03-08,16.0,15.5,90.7493,12.5756,98.8767,103.0305,117.44,False
2024-03-09,16.0,15.5933,90.7493,12.5756,98.8767,103.0305,117.416667,False
2024-03-10,16.0,15.6867,90.7493,12.5756,98.8767,103.0305,117.393333,False
2024-03-11,16.0,15.78,90.7493,12.5756,98.8767,103.0305,117.37,False
2024-03-12,16.0,16.03,90.6252,12.5938,99.1317,103.3826,117.31,False
2024-03-13,16.0,15.72,90.8818,12.644,99.3561,103.7345,117.03,False
2024-03-14,16.0,15.78,91.5449,12.7041,100.1869,104.1703,116.69,False
2024-03-15,16.0,15.79,91.6359,12.7151,100.2625,104.1554,116.03,False
2024-03-16,16.0,15.78,91.6359,12.7151,100.2625,104.1554,115.846667,False
2024-03-17,16.0,15.77,91.6359,12.7151,100.2625,104.1554,115.663333,False
2024-03-18,16.0,15.76,91.6359,12.7151,100.2625,104.1554,115.48,False
2024-03-19,16.0,15.72,91.9829,12.7501,100.2432,104.0531,115.47,False
2024-03-20,16.0,15.55,92.2243,12.7729,100.1047,103.8562,115.21,False
2024-03-21,16.0,15.42,92.6861,12.8337,100.6139,104.0015,115.07,False
2024-03-22,16.0,15.39,91.9499,12.7519,100.365,102.8177,115.3,False
2024-03-23,16.0,15.36,91.9499,12.7519,100.365,102.8177,115.256667,False
2024-03-24,16.0,15.33,91.9499,12.7519,100.365,102.8177,115.213333,False
2024-03-25,16.0,15.3,91.9499,12.7519,100.365,102.8177,115.17,False
2024-03-26,16.0,15.66,92.7761,12.7893,100.3651,103.3256,115.28,False
2024-03-27,16.0,15.46,92.5745,12.7844,100.4121,102.7464,115.4,False
2024-03-28,16.0,15.4,92.5919,12.7477,100.2704,102.2776,115.65,False
2024-03-29,16.0,15.93,92.2628,12.6979,99.7057,101.8128,115.38,False
2024-03-30,16.0,15.7633,92.2628,12.6979,99.7057,101.8128,115.33,False
2024-03-31,16.0,15.5967,92.2628,12.6979,99.7057,101.8128,115.28,False
2024-04-01,16.0,15.43,92.2628,12.6979,99.7057,101.8128,115.23,False
2024-04-02,16.0,15.41,92.2914,12.6872,99.5661,101.8444,114.91,False
2024-04-03,16.0,15.47,92.5254,12.7211,99.4116,101.8329,114.99,False
2024-04-04,16.0,15.42,92.3892,12.7145,99.4277,101.7166,114.56,False
2024-04-05,16.0,15.38,92.3058,12.7143,100.0668,101.9053,114.37,False
2024-04-06,16.0,15.4633,92.3058,12.7143,100.0668,101.9053,114.34,False
2024-04-07,16.0,15.5467,92.3058,12.7143,100.0668,101.9053,114.31,False
2024-04-08,16.0,15.63,92.3058,12.7143,100.0668,101.9053,114.28,False
2024-04-09,16.0,15.59,92.581,12.7696,100.2236,102.2204,114.28,False
2024-04-10,16.0,15.52,92.7463,12.8004,100.7473,102.5388,114.27,False
2024-04-11,16.0,15.65,93.2198,12.873,101.2333,103.1421,113.9,False
2024-04-12,16.0,15.69,93.7196,12.9119,100.6793,102.5715,114.01,False
2024-04-13,16.0,15.6867,93.7196,12.9119,100.6793,102.5715,114.13,False
2024-04-14,16.0,15.6833,93.7196,12.9119,100.6793,102.5715,114.25,False
2024-04-15,16.0,15.68,93.7196,12.9119,100.6793,102.5715,114.37,False
2024-04-16,16.0,15.75,93.5891,12.8844,99.7934,102.5297,114.05,False
2024-04-17,16.0,15.66,94.0742,12.9331,99.9341,102.9934,114.15,False
2024-04-18,16.0,15.69,94.3242,13.0,100.2787,103.6644,114.31,False
2024-04-19,16.0,15.71,94.0922,12.976,100.5316,103.5687,114.81,False
2024-04-20,16.0,15.68,94.0922,12.976,100.5316,103.5687,114.81,False
2024-04-21,16.0,15.65,94.0922,12.976,100.5316,103.5687,114.81,False
2024-04-22,16.0,15.62,94.0922,12.976,100.5316,103.5687,114.81,False
2024-04-23,16.0,15.57,93.2519,12.8484,99.3648,102.4071,114.57,False
2024-04-24,16.0,15.56,93.2918,12.8396,99.5609,102.3161,114.57,False
2024-04-25,16.0,15.53,92.5058,12.7183,98.9118,101.1766,114.49,False
2024-04-26,16.0,15.58,92.1314,12.6716,98.7079,100.9438,113.96,False
2024-04-27,16.0,15.58,92.1314,12.6716,98.7079,100.9438,113.94,False
2024-04-28,16.0,15.58,92.1314,12.6716,98.7079,100.9438,113.92,False
2024-04-29,16.0,15.58,92.1314,12.6716,98.7079,100.9438,113.9,False
2024-04-30,16.0,15.58,92.1314,12.6716,98.7079,100.9438,113.85,False
2024-05-01,16.0,15.58,92.1314,12.6716,98.7079,100.9438,113.85,False
2024-05-02,16.0,15.92,92.0926,12.6716,98.6763,100.9013,113.55,False
2024-05-03,16.0,16.18,92.0538,12.6821,98.6447,100.8588,113.36,False
2024-05-04,16.0,16.2,92.0538,12.6821,98.6447,100.8588,113.32,False
2024-05-05,16.0,16.22,92.0538,12.6821,98.6447,100.8588,113.28,False
2024-05-06,16.0,16.24,92.0538,12.6821,98.6447,100.8588,113.24,False
2024-05-07,16.0,16.12,91.3124,12.6453,98.473,100.9311,113.19,False
2024-05-08,16.0,16.16,91.1231,12.5962,98.3062,100.3669,113.2,False
2024-05-09,16.0,16.16,91.8239,12.6243,98.9461,101.0831,113.2,False
2024-05-10,16.0,16.16,91.8239,12.6243,98.9461,101.0831,113.28,False
2024-05-11,16.0,16.1767,91.8239,12.6243,98.9461,101.0831,113.083333,False
2024-05-12,16.0,16.1933,91.8239,12.6243,98.9461,101.0831,112.886667,False
2024-05-13,16.0,16.21,91.8239,12.6243,98.9461,101.0831,112.69,False
2024-05-14,16.0,16.26,91.633,12.623,98.8486,101.0732,111.89,False
2024-05-15,16.0,16.04,91.3591,12.6025,98.6682,100.6601,111.76,False
2024-05-16,16.0,15.86,91.2573,12.6113,98.8267,100.8257,111.88,False
2024-05-17,16.0,15.8,90.9239,12.5832,98.8978,100.7914,111.75,False
2024-05-18,16.0,15.8067,90.9239,12.5832,98.8978,100.7914,111.67,False
2024-05-19,16.0,15.8133,90.9239,12.5832,98.8978,100.7914,111.59,False
2024-05-20,16.0,15.82,90.9239,12.5832,98.8978,100.7914,111.51,False
2024-05-21,16.0,15.89,90.6537,12.51,98.5842,99.729,111.13,False
2024-05-22,16.0,15.9,90.4082,12.4613,98.2971,99.3715,110.68,False
2024-05-23,16.0,15.91,90.1887,12.4274,97.8989,98.8044,110.15,False
2024-05-24,16.0,15.88,90.2486,12.4266,97.8788,98.6647,109.47,False
2024-05-25,16.0,15.8567,90.2486,12.4266,97.8788,98.6647,109.223333,False
2024-05-26,16.0,15.8333,90.2486,12.4266,97.8788,98.6647,108.976667,False
2024-05-27,16.0,15.81,90.2486,12.4266,97.8788,98.6647,108.73,False
2024-05-28,16.0,15.78,88.6852,12.1903,96.3034,96.9767,108.82,False
2024-05-29,16.0,15.88,88.4375,12.1628,96.2383,96.9709,108.66,False
2024-05-30,16.0,16.0,89.2589,12.2752,96.891,97.7858,108.19,False
2024-05-31,16.0,16.21,89.7869,12.365,97.1347,98.9715,107.57,False
2024-06-01,16.0,16.1433,89.7869,12.365,97.1347,98.9715,107.513333,False
2024-06-02,16.0,16.0767,89.7869,12.365,97.1347,98.9715,107.456667,False
2024-06-03,16.0,16.01,89.7869,12.365,97.1347,98.9715,107.4,False
2024-06-04,16.0,15.89,89.3755,12.3011,96.8721,99.0201,108.6,False
2024-06-05,16.0,16.04,88.7574,12.2248,96.563,99.1703,108.51,False
2024-06-06,16.0,16.24,88.7436,12.2244,96.4443,99.4437,108.79,False
2024-06-07,16.0,16.3,88.7604,12.2251,96.5698,99.4737,109.01,False
2024-06-08,16.0,16.0433,88.7604,12.2251,96.5698,99.4737,108.69,False
2024-06-09,16.0,15.7867,88.7604,12.2251,96.5698,99.4737,108.37,False
2024-06-10,16.0,15.53,88.7604,12.2251,96.5698,99.4737,108.05,False
2024-06-11,16.0,15.36,88.9944,12.2213,95.6367,99.2134,107.9,False
2024-06-12,16.0,15.36,89.0214,12.231,95.7391,99.2545,107.9,False
2024-06-13,16.0,15.8,89.0214,12.231,95.7391,99.2545,107.54,False
2024-06-14,16.0,15.46,88.208,12.0408,94.8324,98.5014,107.69,False
2024-06-15,16.0,15.45,88.208,12.0408,94.8324,98.5014,107.393333,False
2024-06-16,16.0,15.44,88.208,12.0408,94.8324,98.5014,107.096667,False
2024-06-17,16.0,15.43,88.208,12.0408,94.8324,98.5014,106.8,False
2024-06-18,16.0,15.31,89.0499,12.1267,95.3906,99.8653,106.31,False
2024-06-19,16.0,15.28,87.0354,11.7964,93.2994,97.9026,105.77,False
2024-06-20,16.0,15.24,82.6282,11.1652,89.0914,93.4391,104.97,False
2024-06-21,16.0,15.18,85.4176,11.5185,91.4543,96.018,105.27,False
2024-06-22,16.0,15.18,85.4176,11.5185,91.4543,96.018,105.343333,False
2024-06-23,16.0,15.18,85.4176,11.5185,91.4543,96.018,105.416667,False
2024-06-24,16.0,15.18,85.4176,11.5185,91.4543,96.018,105.49,False
2024-06-25,16.0,15.39,87.373,11.8582,94.0759,97.7436,106.28,False
2024-06-26,16.0,15.38,87.277,11.8105,93.7347,97.6799,107.22,False
2024-06-27,16.0,15.57,87.8064,11.8748,94.1131,97.8781,106.43,False
2024-06-28,16.0,15.93,84.964,11.4753,90.9874,94.6463,106.8,False
2024-06-29,16.0,15.8933,84.964,11.4753,90.9874,94.6463,106.68,False
2024-06-30,16.0,15.8567,84.964,11.4753,90.9874,94.6463,106.56,False
2024-07-01,16.0,15.82,84.964,11.4753,90.9874,94.6463,106.44,False
2024-07-02,16.0,16.42,87.2972,11.8019,93.9582,96.9753,106.46,False
2024-07-03,16.0,16.27,87.9921,11.9017,93.695,97.3256,106.69,False
2024-07-04,16.0,15.58,87.9506,11.8936,94.5829,97.3336,106.49,False
2024-07-05,16.0,15.84,88.1205,11.9896,94.9836,97.7704,105.71,False
2024-07-06,16.0,15.8133,88.1205,11.9896,94.9836,97.7704,105.663333,False
2024-07-07,16.0,15.7867,88.1205,11.9896,94.9836,97.7704,105.616667,False
2024-07-08,16.0,15.76,88.1205,11.9896,94.9836,97.7704,105.57,False
2024-07-09,16.0,15.93,88.1688,11.9804,95.6624,98.4576,105.52,False
2024-07-10,16.0,16.32,88.0031,11.9469,95.3447,97.9336,105.16,False
2024-07-11,16.0,16.58,87.8551,11.9596,95.3206,97.9105,105.0,False
2024-07-12,16.0,16.39,87.988,11.9987,95.6817,97.9386,104.89,False
2024-07-13,16.0,16.3567,87.988,11.9987,95.6817,97.9386,104.66,False
2024-07-14,16.0,16.3233,87.988,11.9987,95.6817,97.9386,104.43,False
2024-07-15,16.0,16.29,87.988,11.9987,95.6817,97.9386,104.2,False
2024-07-16,16.0,16.21,87.8077,11.9791,95.7849,98.2079,103.45,False
2024-07-17,16.0,16.2,88.2824,12.0492,96.2637,98.6175,102.9,False
2024-07-18,16.0,16.11,88.0872,12.0537,96.3046,99.2644,103.42,False
2024-07-19,16.0,15.93,87.8754,12.0227,96.1018,99.3616,104.38,False
2024-07-20,16.0,15.7533,87.8754,12.0227,96.1018,99.3616,104.503333,False
2024-07-21,16.0,15.5767,87.8754,12.0227,96.1018,99.3616,104.626667,False
2024-07-22,16.0,15.4,87.8754,12.0227,96.1018,99.3616,104.75,False
2024-07-23,16.0,15.43,87.7805,11.974,95.7591,98.8742,104.37,False
2024-07-24,16.0,15.25,87.299,11.9062,95.4598,98.0667,104.29,False
2024-07-25,16.0,15.22,86.5502,11.8263,94.3758,97.3349,104.57,False
2024-07-26,16.0,15.53,85.41,11.7408,93.1711,96.9797,103.53,False
2024-07-27,16.0,16.04,85.41,11.7408,93.1711,96.9797,103.326667,False
2024-07-28,16.0,16.55,85.41,11.7408,93.1711,96.9797,103.123333,False
2024-07-29,18.0,17.06,85.41,11.7408,93.1711,96.9797,102.92,False
2024-07-30,18.0,17.01,86.5554,11.8567,94.1381,97.7806,103.17,False
2024-07-31,18.0,17.34,86.33,11.8368,93.2947,97.4599,104.07,False
2024-08-01,18.0,17.13,86.1091,11.8747,93.5149,97.718,105.07,False
2024-08-02,18.0,17.03,85.7833,11.7918,92.8499,97.3483,105.05,False
2024-08-03,18.0,17.05,85.7833,11.7918,92.8499,97.3483,104.943333,False
2024-08-04,18.0,17.07,85.7833,11.7918,92.8499,97.3483,104.836667,False
2024-08-05,18.0,17.09,85.7833,11.7918,92.8499,97.3483,104.73,False
2024-08-06,18.0,17.04,84.9471,11.8289,93.0409,99.9378,104.99,False
2024-08-07,18.0,17.23,85.1646,11.789,93.0265,99.6893,105.64,False
2024-08-08,18.0,17.19,85.9543,11.8074,93.8419,100.1215,107.1,False
2024-08-09,18.0,17.22,86.5621,11.8664,94.1333,100.8412,107.3,False
2024-08-10,18.0,17.33,86.5621,11.8664,94.1333,100.8412,107.186667,False
2024-08-11,18.0,17.44,86.5621,11.8664,94.1333,100.8412,107.073333,False
2024-08-12,18.0,17.55,86.5621,11.8664,94.1333,100.8412,106.96,False
2024-08-13,18.0,18.14,89.9475,11.8576,96.6852,103.5665,107.15,False
2024-08-14,18.0,17.88,92.6592,12.0233,100.559,106.8118,107.04,False
2024-08-15,18.0,17.6,90.0055,12.0672,100.3139,104.3421,106.07,False
2024-08-16,18.0,17.54,88.796,11.9319,98.3232,102.524,105.38,False
2024-08-17,18.0,17.5167,88.796,11.9319,98.3232,102.524,105.373333,False
2024-08-18,18.0,17.4933,88.796,11.9319,98.3232,102.524,105.366667,False
2024-08-19,18.0,17.47,88.796,11.9319,98.3232,102.524,105.36,False
2024-08-20,18.0,17.51,89.5428,12.1204,98.9355,103.5656,105.09,False
2024-08-21,18.0,17.58,90.6944,12.1161,100.204,105.4831,104.88,False
2024-08-22,18.0,17.63,91.6862,12.2114,101.9508,107.2353,104.92,False
2024-08-23,18.0,18.06,91.2881,11.9567,101.6207,107.259,104.31,False
2024-08-24,18.0,18.0433,91.2881,11.9567,101.6207,107.259,104.136667,False
2024-08-25,18.0,18.0267,91.2881,11.9567,101.6207,107.259,103.963333,False
2024-08-26,18.0,18.01,91.2881,11.9567,101.6207,107.259,103.79,False
2024-08-27,18.0,18.42,91.7745,11.6863,102.4927,108.4933,104.01,False
2024-08-28,18.0,17.83,91.4807,11.7513,102.2911,107.9418,103.72,False
2024-08-29,18.0,18.14,91.4449,11.8357,102.0798,108.437,103.63,False
2024-08-30,18.0,18.87,91.4548,11.9057,101.7714,108.2818,103.24,False
2024-08-31,18.0,18.7967,91.4548,11.9057,101.7714,108.2818,103.096667,False
2024-09-01,18.0,18.7233,91.4548,11.9057,101.7714,108.2818,102.953333,False
2024-09-02,18.0,18.65,91.4548,11.9057,101.7714,108.2818,102.81,False
2024-09-03,18.0,18.24,90.0013,12.0532,99.2613,105.8963,102.7,False
2024-09-04,18.0,18.34,88.6118,12.1106,97.8121,103.9191,103.23,False
2024-09-05,18.0,18.37,88.9288,12.5086,98.0725,104.8071,104.48,False
2024-09-06,18.0,18.49,89.7044,12.5054,99.1927,106.021,104.83,False
2024-09-07,18.0,18.38,89.7044,12.5054,99.1927,106.021,104.896667,False
2024-09-08,18.0,18.27,89.7044,12.5054,99.1927,106.021,104.963333,False
2024-09-09,18.0,18.16,89.7044,12.5054,99.1927,106.021,105.03,False
2024-09-10,18.0,17.78,90.3853,12.6262,99.9067,106.5487,104.94,False
2024-09-11,18.0,18.2,91.1127,12.6952,100.4995,107.4189,104.8,False
2024-09-12,18.0,18.36,91.2653,12.7173,100.7421,107.9424,103.83,False
2024-09-13,18.0,18.45,91.1096,12.7362,100.3907,106.6483,103.28,False
2024-09-14,18.0,18.5667,91.1096,12.7362,100.3907,106.6483,103.33,False
2024-09-15,18.0,18.6833,91.1096,12.7362,100.3907,106.6483,103.38,False
2024-09-16,19.0,18.8,91.1096,12.7362,100.3907,106.6483,103.43,False
2024-09-17,19.0,18.61,91.1423,12.7762,101.2789,107.9374,103.06,False
2024-09-18,19.0,18.51,91.4292,12.9226,101.5057,108.4184,102.34,False
2024-09-19,19.0,18.51,91.6712,12.9451,102.039,108.6538,102.15,False
2024-09-20,19.0,18.36,92.6962,13.1028,103.249,109.5829,102.17,False
2024-09-21,19.0,18.37,92.6962,13.1028,103.249,109.5829,102.163333,False
2024-09-22,19.0,18.38,92.6962,13.1028,103.249,109.5829,102.156667,False
2024-09-23,19.0,18.39,92.6962,13.1028,103.249,109.5829,102.15,False
2024-09-24,19.0,18.27,92.92,13.1134,103.2191,109.202,102.34,False
2024-09-25,19.0,18.3,92.8622,13.216,103.41,109.5202,102.49,False
2024-09-26,19.0,18.3,92.388,13.0939,103.4758,109.1412,102.4,False
2024-09-27,19.0,18.28,92.4074,13.1451,103.1931,108.7402,101.95,False
2024-09-28,19.0,18.3,92.4074,13.1451,103.1931,108.7402,101.83,False
2024-09-29,19.0,18.32,92.4074,13.1451,103.1931,108.7402,101.71,False
2024-09-30,19.0,18.34,92.4074,13.1451,103.1931,108.7402,101.59,False
2024-10-01,19.0,18.3,93.2221,13.2425,104.1735,110.5444,101.23,False
2024-10-02,19.0,18.31,93.3581,13.1959,103.6502,110.17,100.97,False
2024-10-03,19.0,18.27,94.5054,13.3914,104.4481,111.6689,100.16,False
2024-10-04,19.0,18.24,95.0262,13.4808,104.8664,111.6773,100.16,False
2024-10-05,19.0,18.2367,95.0262,13.4808,104.8664,111.6773,99.996667,False
2024-10-06,19.0,18.2333,95.0262,13.4808,104.8664,111.6773,99.833333,False
2024-10-07,19.0,18.23,95.0262,13.4808,104.8664,111.6773,99.67,False
2024-10-08,19.0,18.37,96.0649,13.5537,105.3069,111.9246,99.38,False
2024-10-09,19.0,18.71,96.1079,13.581,105.6891,112.4595,99.35,False
2024-10-10,19.0,18.68,96.9483,13.6869,106.4175,113.0592,99.63,False
2024-10-11,19.0,18.67,97.2394,13.6922,106.5074,112.9902,99.93,False
2024-10-12,19.0,18.6267,97.2394,13.6922,106.5074,112.9902,99.986667,False
2024-10-13,19.0,18.5833,97.2394,13.6922,106.5074,112.9902,100.043333,False
2024-10-14,19.0,18.54,97.2394,13.6922,106.5074,112.9902,100.1,False
2024-10-15,19.0,18.48,96.1021,13.4987,105.4854,111.7466,100.17,False
2024-10-16,19.0,18.65,97.0121,13.5683,105.6757,112.5953,100.21,False
2024-10-17,19.0,18.88,97.2568,13.5917,106.0844,112.7877,100.14,False
2024-10-18,19.0,18.82,97.149,13.5487,105.756,112.285,99.99,False
2024-10-19,19.0,18.8067,97.149,13.5487,105.756,112.285,99.933333,False
2024-10-20,19.0,18.7933,97.149,13.5487,105.756,112.285,99.876667,False
2024-10-21,19.0,18.78,97.149,13.5487,105.756,112.285,99.82,False
2024-10-22,19.0,18.64,96.0924,13.4733,104.4016,111.1023,99.66,False
2024-10-23,19.0,18.66,96.5918,13.5463,104.866,111.5894,99.51,False
2024-10-24,19.0,18.49,96.6379,13.5192,104.3815,111.5138,99.2,False
2024-10-25,19.0,18.49,96.7402,13.5348,104.5139,111.6319,98.44,False
2024-10-26,19.0,19.0333,96.7402,13.5348,104.5139,111.6319,98.056667,False
2024-10-27,19.0,19.5767,96.7402,13.5348,104.5139,111.6319,97.673333,False
2024-10-28,21.0,20.12,96.7402,13.5348,104.5139,111.6319,97.29,False
2024-10-29,21.0,20.18,97.23,13.6103,105.2229,112.1065,96.87,False
2024-10-30,21.0,20.46,97.3261,13.5954,105.4375,112.3598,97.18,False
2024-10-31,21.0,20.4,97.053,13.5876,105.2211,111.9541,96.37,False
2024-11-01,21.0,20.32,97.0226,13.6068,105.5231,112.126,96.39,False
2024-11-02,21.0,20.32,97.0226,13.6068,105.5231,112.126,96.39,False
2024-11-03,21.0,20.32,97.0226,13.6068,105.5231,112.126,96.39,False
2024-11-04,21.0,20.32,97.0226,13.6068,105.5231,112.126,96.39,False
2024-11-05,21.0,20.3,97.0226,13.6068,105.5231,112.126,96.54,False
2024-11-06,21.0,20.26,98.0562,13.7539,106.8883,113.7411,97.28,False
2024-11-07,21.0,20.23,98.2236,13.6395,105.7086,112.3711,98.63,False
2024-11-08,21.0,20.38,98.0726,13.624,105.5679,111.9422,99.23,False
2024-11-09,21.0,20.4733,98.0726,13.624,105.5679,111.9422,99.526667,False
2024-11-10,21.0,20.5667,98.0726,13.624,105.5679,111.9422,99.823333,False
2024-11-11,21.0,20.66,98.0726,13.624,105.5679,111.9422,100.12,False
2024-11-12,21.0,21.53,97.955,13.552,104.8522,111.528,99.74,False
2024-11-13,21.0,20.54,97.9559,13.4951,104.2533,110.9982,100.19,False
2024-11-14,21.0,20.64,98.3657,13.598,104.2901,111.4499,100.54,False
2024-11-15,21.0,20.59,99.018,13.6596,104.5016,111.3563,100.49,False
2024-11-16,21.0,20.6033,99.018,13.6596,104.5016,111.3563,100.386667,False
2024-11-17,21.0,20.6167,99.018,13.6596,104.5016,111.3563,100.283333,False
2024-11-18,21.0,20.63,99.018,13.6596,104.5016,111.3563,100.18,False
2024-11-19,21.0,20.62,99.943,13.7597,105.4606,112.8152,99.36,False
2024-11-20,21.0,20.62,100.0348,13.7744,105.7338,113.2,99.33,False
2024-11-21,21.0,20.55,100.2192,13.8224,105.809,113.1653,98.85,False
2024-11-22,21.0,20.43,100.6798,13.8821,106.0762,113.9169,99.27,False
2024-11-23,21.0,20.3933,100.6798,13.8821,106.0762,113.9169,99.16,False
2024-11-24,21.0,20.3567,100.6798,13.8821,106.0762,113.9169,99.05,False
2024-11-25,21.0,20.32,100.6798,13.8821,106.0762,113.9169,98.94,False
2024-11-26,21.0,20.33,103.7908,14.2057,108.8705,116.7763,98.76,False
2024-11-27,21.0,20.56,105.0604,14.4449,110.4943,118.5783,98.59,False
2024-11-28,21.0,20.87,108.0104,14.8382,113.0947,122.3498,98.6,False
2024-11-29,21.0,20.68,109.5782,14.6653,116.141,123.8592,98.6,False
2024-11-30,21.0,20.7433,109.5782,14.6653,116.141,123.8592,98.65,False
2024-12-01,21.0,20.8067,109.5782,14.6653,116.141,123.8592,98.7,False
2024-12-02,21.0,20.87,109.5782,14.6653,116.141,123.8592,98.75,False
2024-12-03,21.0,21.1,107.1758,14.6258,112.8019,120.9932,98.85,False
2024-12-04,21.0,20.91,106.1878,14.5545,112.02,119.9591,98.86,False
2024-12-05,21.0,20.7,104.2361,14.2565,110.2041,117.5021,98.73,False
2024-12-06,21.0,20.63,103.3837,14.1399,109.7802,116.8177,98.94,False
2024-12-07,21.0,20.5233,103.3837,14.1399,109.7802,116.8177,98.973333,False
2024-12-08,21.0,20.4167,103.3837,14.1399,109.7802,116.8177,99.006667,False
2024-12-09,21.0,20.31,103.3837,14.1399,109.7802,116.8177,99.04,False
2024-12-10,21.0,20.35,99.3759,13.524,105.0996,112.9657,99.11,False
2024-12-11,21.0,21.21,100.0324,13.6566,106.2024,113.6086,99.13,False
2024-12-12,21.0,21.62,103.2707,13.8539,108.5588,116.7692,98.87,False
2024-12-13,21.0,21.91,103.95,13.9594,110.4804,117.1928,98.6,False
2024-12-14,21.0,21.88,103.95,13.9594,110.4804,117.1928,98.433333,False
2024-12-15,21.0,21.85,103.95,13.9594,110.4804,117.1928,98.266667,False
2024-12-16,21.0,21.82,103.95,13.9594,110.4804,117.1928,98.1,False
2024-12-17,21.0,21.75,102.9125,13.8603,108.7016,115.5801,98.04,False
2024-12-18,21.0,21.7,102.9979,13.9613,108.3444,114.7737,98.3,False
2024-12-19,21.0,21.61,102.7763,14.0761,108.5083,114.988,99.23,False
2024-12-20,21.0,21.71,103.4207,14.186,107.9576,115.3863,102.5,False
2024-12-21,21.0,21.2567,103.4207,14.186,107.9576,115.3863,103.813333,False
2024-12-22,21.0,20.8033,103.4207,14.186,107.9576,115.3863,105.126667,False
2024-12-23,21.0,20.35,103.4207,14.186,107.9576,115.3863,106.44,False
2024-12-24,21.0,20.36,101.6143,13.8254,105.2512,113.4721,106.75,False
2024-12-25,21.0,20.4,99.8729,13.6624,104.231,110.8713,106.0,False
2024-12-26,21.0,20.36,99.6125,13.6054,103.9416,110.5823,106.37,False
2024-12-27,21.0,20.35,99.2295,13.4716,103.2997,110.1571,106.44,False
2024-12-28,21.0,20.35,99.2295,13.4716,103.2997,110.1571,106.486667,False
2024-12-29,21.0,20.35,99.2295,13.4716,103.2997,110.1571,106.533333,False
2024-12-30,21.0,20.35,99.2295,13.4716,103.2997,110.1571,106.58,False
2024-12-31,21.0,20.35,99.2295,13.4716,103.2997,110.1571,106.58,False
2025-01-01,21.0,20.35,99.2295,13.4716,103.2997,110.1571,106.58,False
2025-01-02,21.0,20.38,99.5697,13.4716,103.4985,110.3853,106.58,False
2025-01-03,21.0,20.41,99.9099,13.4716,103.6974,110.6134,106.55,False
2025-01-04,21.0,20.44,100.25,13.4716,103.8962,110.8416,106.443333,False
2025-01-05,21.0,20.47,100.5902,13.4716,104.0951,111.0697,106.336667,False
2025-01-06,21.0,20.5,100.9304,13.4716,104.2939,111.2979,106.23,False
2025-01-07,21.0,20.53,101.2706,13.4716,104.4928,111.526,106.23,False
2025-01-08,21.0,20.56,101.6107,13.4716,104.6916,111.7542,106.23,False
2025-01-09,21.0,20.59,101.9509,13.4716,104.8905,111.9823,105.95,False
2025-01-10,21.0,20.53,102.2911,13.6934,105.0893,112.2105,105.49,False
2025-01-11,21.0,20.44,102.2911,13.6934,105.0893,112.2105,105.52,False
2025-01-12,21.0,20.35,102.2911,13.6934,105.0893,112.2105,105.55,False
2025-01-13,21.0,20.26,102.2911,13.6934,105.0893,112.2105,105.58,False
2025-01-14,21.0,20.37,102.7081,13.8184,104.8556,111.9923,105.58,False
2025-01-15,21.0,20.62,103.438,13.9486,106.2493,112.9359,105.26,False
2025-01-16,21.0,20.84,102.8078,13.9197,106.0971,112.7526,105.21,False
2025-01-17,21.0,20.97,102.3762,13.9143,105.8072,112.3532,104.78,False
2025-01-18,21.0,20.9867,102.3762,13.9143,105.8072,112.3532,104.833333,False
2025-01-19,21.0,21.0033,102.3762,13.9143,105.8072,112.3532,104.886667,False
2025-01-20,21.0,21.02,102.3762,13.9143,105.8072,112.3532,104.94,False
2025-01-21,21.0,21.02,101.9579,13.8302,105.0457,111.5757,104.79,False
2025-01-22,21.0,20.96,99.9282,13.737,103.2856,109.7268,104.72,False
2025-01-23,21.0,20.62,98.2804,13.5443,103.2419,108.6451,104.58,False
2025-01-24,21.0,20.51,99.0978,13.5786,103.6612,109.2348,104.52,False
2025-01-25,21.0,20.4967,99.0978,13.5786,103.6612,109.2348,104.35,False
2025-01-26,21.0,20.4833,99.0978,13.5786,103.6612,109.2348,104.18,False
2025-01-27,21.0,20.47,99.0978,13.5786,103.6612,109.2348,104.01,False
2025-01-28,21.0,20.49,97.132,13.3806,102.746,107.7449,103.71,False
2025-01-29,21.0,20.54,97.9658,13.4568,101.5957,108.142,103.76,False
2025-01-30,21.0,20.46,98.0126,13.3817,102.4041,108.1578,103.88,False
2025-01-31,21.0,20.43,98.0062,13.3729,102.7782,107.972,103.59,False
2025-02-01,21.0,20.4267,98.0062,13.3729,102.7782,107.972,103.43,False
2025-02-02,21.0,20.4233,98.0062,13.3729,102.7782,107.972,103.27,False
2025-02-03,21.0,20.42,98.0062,13.3729,102.7782,107.972,103.11,False
2025-02-04,21.0,20.25,99.9433,13.4095,102.491,108.93,102.54,False
2025-02-05,21.0,20.22,98.5336,13.2985,102.6852,108.3501,102.34,False
2025-02-06,21.0,20.33,98.0556,13.249,102.9215,108.6489,103.12,False
2025-02-07,21.0,20.25,96.9104,13.0503,100.6751,107.0597,103.3,False
2025-02-08,21.0,20.3033,96.9104,13.0503,100.6751,107.0597,103.306667,False
2025-02-09,21.0,20.3567,96.9104,13.0503,100.6751,107.0597,103.313333,False
2025-02-10,21.0,20.41,96.9104,13.0503,100.6751,107.0597,103.32,False
2025-02-11,21.0,21.17,96.7821,13.2421,100.4991,106.3189,103.11,False
2025-02-12,21.0,20.74,95.8024,13.0258,99.1953,105.058,103.41,False
2025-02-13,21.0,20.82,94.0485,12.7702,98.0119,103.3046,106.46,False
2025-02-14,21.0,20.85,91.0313,12.3356,94.9221,100.2768,106.97,False
2025-02-15,21.0,20.85,91.0313,12.3356,94.9221,100.2768,106.536667,False
2025-02-16,21.0,20.85,91.0313,12.3356,94.9221,100.2768,106.103333,False
2025-02-17,21.0,20.85,91.0313,12.3356,94.9221,100.2768,105.67,False
2025-02-18,21.0,20.92,91.4347,12.4935,95.8048,101.5377,105.8,False
2025-02-19,21.0,20.94,91.3398,12.4167,95.6693,101.4548,105.89,False
2025-02-20,21.0,21.08,90.4268,12.3608,94.0834,99.9744,106.63,False
2025-02-21,21.0,21.23,88.5103,12.1252,92.4831,98.105,106.87,False
2025-02-22,21.0,21.2367,88.5103,12.1252,92.4831,98.105,106.84,False
2025-02-23,21.0,21.2433,88.5103,12.1252,92.4831,98.105,106.81,False
2025-02-24,21.0,21.25,88.5103,12.1252,92.4831,98.105,106.78,False
2025-02-25,21.0,21.09,88.2065,12.0634,92.5162,98.0944,107.13,False
2025-02-26,21.0,21.1,86.6318,11.8002,90.9403,96.6441,107.32,False
2025-02-27,21.0,21.1,85.9279,11.737,90.1826,96.0303,107.39,False
2025-02-28,21.0,21.11,87.6967,11.9563,92.0362,97.7013,107.54,False
2025-03-01,21.0,21.2067,87.6967,11.9563,92.0362,97.7013,107.54,False
2025-03-02,21.0,21.3033,87.6967,11.9563,92.0362,97.7013,107.54,False
2025-03-03,21.0,21.4,87.6967,11.9563,92.0362,97.7013,107.54,False
2025-03-04,21.0,21.5,89.2497,12.1658,92.853,99.0673,108.37,False
2025-03-05,21.0,21.53,89.2448,12.1906,93.9034,100.14,109.16,False
2025-03-06,21.0,21.39,89.7878,12.289,95.7035,101.3635,110.06,False
2025-03-07,21.0,21.46,89.5724,12.2892,96.5975,101.1089,111.04,False
2025-03-08,21.0,21.45,89.5724,12.2892,96.5975,101.1089,111.15,False
2025-03-09,21.0,21.44,89.5724,12.2892,96.5975,101.1089,111.26,False
2025-03-10,21.0,21.43,89.5724,12.2892,96.5975,101.1089,111.37,False
2025-03-11,21.0,21.07,88.3872,12.0798,95.4443,100.7836,110.67,False
2025-03-12,21.0,21.15,86.5669,11.8458,93.6639,98.2598,110.91,False
2025-03-13,21.0,21.36,86.6204,11.9242,93.971,98.0312,110.65,False
2025-03-14,21.0,21.48,86.619,11.873,94.2559,98.1741,111.41,False
2025-03-15,21.0,21.4867,86.619,11.873,94.2559,98.1741,111.703333,False
2025-03-16,21.0,21.4933,86.619,11.873,94.2559,98.1741,111.996667,False
2025-03-17,21.0,21.5,86.619,11.873,94.2559,98.1741,112.29,False
2025-03-18,21.0,21.5,84.3059,11.6,90.8443,95.4875,112.69,False
2025-03-19,21.0,21.5,81.5018,11.2232,87.5697,92.6578,112.55,False
2025-03-20,21.0,21.5,82.8487,11.4337,90.8257,94.3285,112.79,False
2025-03-21,21.0,21.45,84.3955,11.6019,92.4633,95.6757,112.19,False
2025-03-22,21.0,21.45,84.3955,11.6019,92.4633,95.6757,111.833333,False
2025-03-23,21.0,21.45,84.3955,11.6019,92.4633,95.6757,111.476667,False
2025-03-24,21.0,21.45,84.3955,11.6019,92.4633,95.6757,111.12,False
2025-03-25,21.0,21.55,83.8737,11.461,91.5252,95.1273,110.76,False
2025-03-26,21.0,21.6,84.193,11.5572,92.3409,95.2841,110.64,False
2025-03-27,21.0,21.53,84.2065,11.5225,92.0029,95.2778,109.7,False
2025-03-28,21.0,20.95,83.8347,11.497,90.5441,94.8035,109.54,False
2025-03-29,21.0,21.1833,83.8347,11.497,90.5441,94.8035,109.303333,False
2025-03-30,21.0,21.4167,83.8347,11.497,90.5441,94.8035,109.066667,False
2025-03-31,21.0,21.65,83.8347,11.497,90.5441,94.8035,108.83,False
2025-04-01,21.0,21.65,85.4963,11.7136,92.4276,97.0777,109.23,False
2025-04-02,21.0,21.66,84.8707,11.6029,91.9643,96.1599,109.03,False
2025-04-03,21.0,21.66,84.5522,11.5258,91.2044,95.604,108.45,False
2025-04-04,21.0,21.66,84.383,11.4818,93.1608,97.4512,107.51,False
2025-04-05,21.0,21.5933,84.383,11.4818,93.1608,97.4512,106.96,False
2025-04-06,21.0,21.5267,84.383,11.4818,93.1608,97.4512,106.41,False
2025-04-07,21.0,21.46,84.383,11.4818,93.1608,97.4512,105.86,False
2025-04-08,21.0,21.18,86.1891,11.7286,94.7742,101.2917,106.87,False
2025-04-09,21.0,21.45,85.4641,11.5664,93.7755,99.4578,105.76,False
2025-04-10,21.0,21.46,86.0923,11.6352,95.091,102.1261,106.73,False
2025-04-11,21.0,21.48,85.0159,11.5336,94.6036,100.4323,107.84,False
2025-04-12,21.0,21.45,85.0159,11.5336,94.6036,100.4323,107.923333,False
2025-04-13,21.0,21.42,85.0159,11.5336,94.6036,100.4323,108.006667,False
2025-04-14,21.0,21.39,85.0159,11.5336,94.6036,100.4323,108.09,False
2025-04-15,21.0,21.3,82.7671,11.2274,94.1635,101.3433,107.94,False
2025-04-16,21.0,20.81,82.3003,11.164,93.6844,101.0315,108.14,False
2025-04-17,21.0,20.36,82.5892,11.2812,93.3356,101.0389,108.87,False
2025-04-18,21.0,20.4,82.02,11.1915,93.2513,100.4409,107.99,False
2025-04-19,21.0,20.4767,82.02,11.1915,93.2513,100.4409,108.103333,False
2025-04-20,21.0,20.5533,82.02,11.1915,93.2513,100.4409,108.216667,False
2025-04-21,21.0,20.63,82.02,11.1915,93.2513,100.4409,108.33,False
2025-04-22,21.0,20.67,80.7597,11.0648,93.6714,98.8975,108.55,False
2025-04-23,21.0,20.79,81.462,11.1123,94.04,100.4959,108.48,False
2025-04-24,21.0,20.69,82.3637,11.3388,94.5723,100.2723,108.77,False
2025-04-25,21.0,20.62,82.8559,11.3979,94.7129,100.2006,109.08,False
2025-04-26,21.0,20.57,82.8559,11.3979,94.7129,100.2006,108.983333,False
2025-04-27,21.0,20.52,82.8559,11.3979,94.7129,100.2006,108.886667,False
2025-04-28,21.0,20.47,82.8559,11.3979,94.7129,100.2006,108.79,False
2025-04-29,21.0,20.5,82.5467,11.2761,93.1801,99.37,108.21,False
2025-04-30,21.0,20.75,81.5616,11.2016,93.173,98.8506,107.99,False
2025-05-01,21.0,20.75,81.4933,11.1713,92.837,98.708,107.99,False
2025-05-02,21.0,20.75,81.4933,11.1713,92.837,98.708,107.52,False
2025-05-03,21.0,20.67,81.4933,11.1713,92.837,98.708,107.286667,False
2025-05-04,21.0,20.59,81.4933,11.1713,92.837,98.708,107.053333,False
2025-05-05,21.0,20.51,81.4933,11.1713,92.837,98.708,106.82,False
2025-05-06,21.0,20.69,81.9137,11.3025,92.9082,99.2653,106.88,False
2025-05-07,21.0,20.73,80.9644,11.2155,91.9169,98.2697,107.59,False
2025-05-08,21.0,20.73,80.8612,11.1819,92.1439,97.9542,108.57,False
2025-05-09,21.0,20.73,80.8612,11.1819,92.1439,97.9542,108.57,False
2025-05-10,21.0,20.71,80.8612,11.1819,92.1439,97.9542,108.603333,False
2025-05-11,21.0,20.69,80.8612,11.1819,92.1439,97.9542,108.636667,False
2025-05-12,21.0,20.67,80.8612,11.1819,92.1439,97.9542,108.67,False
2025-05-13,21.0,20.82,80.8883,11.1789,90.1117,96.1125,107.99,False
2025-05-14,21.0,20.89,80.55,11.1573,89.6956,95.8929,108.09,False
2025-05-15,21.0,21.04,80.2237,11.1128,90.3821,95.9728,107.97,False
2025-05-16,21.0,21.1,80.3134,11.1143,90.1011,95.9768,108.15,False
2025-05-17,21.0,21.0367,80.3134,11.1143,90.1011,95.9768,108.33,False
2025-05-18,21.0,20.9733,80.3134,11.1143,90.1011,95.9768,108.51,False
2025-05-19,21.0,20.91,80.3134,11.1143,90.1011,95.9768,108.69,False
2025-05-20,21.0,20.79,80.4137,11.1179,90.5098,96.5003,108.56,False
2025-05-21,21.0,20.79,80.3075,11.1625,89.9679,96.535,108.46,False
2025-05-22,21.0,20.75,79.753,11.0876,91.299,95.8685,108.59,False
2025-05-23,21.0,20.75,79.7357,11.0101,90.2004,96.509,108.85,False
2025-05-24,21.0,20.7233,79.7357,11.0101,90.2004,96.509,108.68,False
2025-05-25,21.0,20.6967,79.7357,11.0101,90.2004,96.509,108.51,False
2025-05-26,21.0,20.67,79.7357,11.0101,90.2004,96.509,108.34,False
2025-05-27,21.0,20.63,79.6588,11.0802,90.4644,96.9557,108.32,False
2025-05-28,21.0,21.04,79.6176,11.1014,90.9007,96.5062,108.58,False
2025-05-29,21.0,20.95,79.6037,11.0504,90.3365,96.3142,109.22,False
2025-05-30,21.0,21.01,78.497,10.894,88.9481,94.9752,109.93,False
2025-05-31,21.0,21.07,78.497,10.894,88.9481,94.9752,110.08,False
2025-06-01,21.0,21.13,78.497,10.894,88.9481,94.9752,110.23,False
2025-06-02,21.0,21.19,78.497,10.894,88.9481,94.9752,110.38,False
2025-06-03,21.0,21.38,79.1285,10.9452,90.377,96.7578,111.18,False
2025-06-04,21.0,20.91,78.8549,10.9128,89.9267,96.3172,112.31,False
2025-06-05,21.0,20.51,78.5025,10.8685,89.3108,95.4902,112.32,False
2025-06-06,21.0,20.26,79.1272,11.0208,90.6635,96.4495,111.84,False
2025-06-07,21.0,20.09,79.1272,11.0208,90.6635,96.4495,111.62,False
2025-06-08,21.0,19.92,79.1272,11.0208,90.6635,96.4495,111.4,False
2025-06-09,20.0,19.75,79.1272,11.0208,90.6635,96.4495,111.18,False
2025-06-10,20.0,19.9,79.1543,10.9784,90.3666,96.2948,112.02,False
2025-06-11,20.0,19.92,78.6003,10.9057,89.7918,95.7373,112.58,False
2025-06-12,20.0,19.92,79.0028,10.9317,90.0068,96.1105,112.58,False
2025-06-13,20.0,19.92,79.0028,10.9317,90.0068,96.1105,112.81,False
2025-06-14,20.0,19.8867,79.0028,10.9317,90.0068,96.1105,112.67,False
2025-06-15,20.0,19.8533,79.0028,10.9317,90.0068,96.1105,112.53,False
2025-06-16,20.0,19.82,79.0028,10.9317,90.0068,96.1105,112.39,False
2025-06-17,20.0,19.8,78.5067,10.8979,90.9438,96.695,112.11,False
2025-06-18,20.0,19.75,78.7135,10.921,90.7548,96.8543,112.29,False
2025-06-19,20.0,19.74,78.7174,10.8728,90.3093,96.3257,113.1,False
2025-06-20,20.0,19.74,78.4839,10.8605,89.838,96.1695,113.34,False
2025-06-21,20.0,19.7333,78.4839,10.8605,89.838,96.1695,113.273333,False
2025-06-22,20.0,19.7267,78.4839,10.8605,89.838,96.1695,113.206667,False
2025-06-23,20.0,19.72,78.4839,10.8605,89.838,96.1695,113.14,False
2025-06-24,20.0,19.68,78.2923,10.8691,89.8388,95.7119,113.02,False
2025-06-25,20.0,19.65,78.3892,10.9657,91.737,96.6217,113.66,False
2025-06-26,20.0,19.65,78.1959,10.9069,91.0599,97.0895,114.07,False
2025-06-27,20.0,19.81,78.2117,10.9343,91.6601,97.8258,114.42,False
2025-06-28,20.0,19.9367,78.2117,10.9343,91.6601,97.8258,114.633333,False
2025-06-29,20.0,20.0633,78.2117,10.9343,91.6601,97.8258,114.846667,False
2025-06-30,20.0,20.19,78.2117,10.9343,91.6601,97.8258,115.06,False
2025-07-01,20.0,19.97,78.5284,10.9298,92.2672,98.4435,115.35,False
2025-07-02,20.0,20.02,78.4181,10.9384,92.744,99.3389,115.36,False
2025-07-03,20.0,19.86,78.654,10.9465,92.6774,99.2479,115.55,False
2025-07-04,20.0,19.9,78.7831,10.9852,93.1277,99.4862,115.39,False
2025-07-05,20.0,19.9033,78.7831,10.9852,93.1277,99.4862,115.413333,False
2025-07-06,20.0,19.9067,78.7831,10.9852,93.1277,99.4862,115.436667,False
2025-07-07,20.0,19.91,78.7831,10.9852,93.1277,99.4862,115.46,False
2025-07-08,20.0,19.89,78.7185,10.9808,92.4138,98.7437,115.31,False
2025-07-09,20.0,19.58,78.1682,10.8597,91.9667,98.1519,115.07,False
2025-07-10,20.0,19.02,78.1727,10.8494,91.4175,98.1699,115.31,False
2025-07-11,20.0,18.99,77.9029,10.8185,91.4992,97.9787,115.38,False
2025-07-12,20.0,19.0033,77.9029,10.8185,91.4992,97.9787,115.343333,False
2025-07-13,20.0,19.0167,77.9029,10.8185,91.4992,97.9787,115.306667,False
2025-07-14,20.0,19.03,77.9029,10.8185,91.4992,97.9787,115.27,False
2025-07-15,20.0,19.05,78.3722,10.8932,91.7738,98.3217,116.35,False
2025-07-16,20.0,19.11,77.9584,10.8353,91.1531,97.9623,117.2,False
2025-07-17,20.0,19.11,77.9585,10.8414,90.5635,97.29,117.72,False
2025-07-18,20.0,19.0,78.1856,10.8787,90.9716,97.3063,117.92,False
2025-07-19,20.0,19.0067,78.1856,10.8787,90.9716,97.3063,118.036667,False
2025-07-20,20.0,19.0133,78.1856,10.8787,90.9716,97.3063,118.153333,False
2025-07-21,20.0,19.02,78.1856,10.8787,90.9716,97.3063,118.27,False
2025-07-22,20.0,18.96,78.3274,10.891,91.5138,97.8725,117.79,False
2025-07-23,20.0,18.95,78.0882,10.8829,91.7782,97.9654,117.95,False
2025-07-24,20.0,18.95,78.4477,10.9593,91.7897,98.9751,118.17,False
2025-07-25,20.0,18.98,78.8623,11.0652,93.3362,99.3353,118.46,False
2025-07-26,20.0,18.78,78.8623,11.0652,93.3362,99.3353,118.69,False
2025-07-27,20.0,18.58,78.8623,11.0652,93.3362,99.3353,118.92,False
2025-07-28,18.0,18.38,78.8623,11.0652,93.3362,99.3353,119.15,False
2025-07-29,18.0,18.65,79.5782,11.1209,93.206,99.5723,118.87,False
2025-07-30,18.0,18.58,82.2197,11.427,94.9976,102.1109,119.07,False
2025-07-31,18.0,18.12,81.8347,11.3683,94.9514,101.7465,119.26,False
2025-08-01,18.0,18.07,80.3163,11.0928,91.8751,98.8022,118.99,False
2025-08-02,18.0,18.0233,80.3163,11.0928,91.8751,98.8022,118.966667,False
2025-08-03,18.0,17.9767,80.3163,11.0928,91.8751,98.8022,118.943333,False
2025-08-04,18.0,17.93,80.3163,11.0928,91.8751,98.8022,118.92,False
2025-08-05,18.0,17.69,79.6736,11.067,92.3252,98.4841,119.04,False
2025-08-06,18.0,17.73,80.049,11.1036,92.5094,98.6919,119.0,False
2025-08-07,18.0,17.71,80.1914,11.1165,93.0072,99.1486,119.77,False
2025-08-08,18.0,17.74,79.3847,11.017,92.6636,98.48,120.24,False
2025-08-09,18.0,17.6667,79.3847,11.017,92.6636,98.48,120.52,False
2025-08-10,18.0,17.5933,79.3847,11.017,92.6636,98.48,120.8,False
2025-08-11,18.0,17.52,79.3847,11.017,92.6636,98.48,121.08,False
2025-08-12,18.0,17.03,79.6677,11.0514,92.9485,98.5499,121.18,False
2025-08-13,18.0,17.66,79.8714,11.0609,92.8583,98.6067,121.08,False
2025-08-14,18.0,17.79,79.6032,11.0667,93.3875,99.0829,120.97,False
2025-08-15,18.0,17.74,79.7653,11.094,93.0588,98.8785,121.67,False
2025-08-16,18.0,17.7267,79.7653,11.094,93.0588,98.8785,121.72,False
2025-08-17,18.0,17.7133,79.7653,11.094,93.0588,98.8785,121.77,False
2025-08-18,18.0,17.7,79.7653,11.094,93.0588,98.8785,121.82,False
2025-08-19,18.0,17.69,80.4256,11.1547,94.0884,99.6353,122.27,False
2025-08-20,18.0,17.71,80.3466,11.1702,93.5604,99.6856,121.55,False
2025-08-21,18.0,17.71,80.1045,11.1451,93.4791,99.1515,120.62,False
2025-08-22,18.0,17.71,80.2548,11.1562,93.5049,99.6706,120.54,False
2025-08-23,18.0,17.7,80.2548,11.1562,93.5049,99.6706,120.533333,False
2025-08-24,18.0,17.69,80.2548,11.1562,93.5049,99.6706,120.526667,False
2025-08-25,18.0,17.68,80.2548,11.1562,93.5049,99.6706,120.52,False
2025-08-26,18.0,17.66,80.6842,11.2615,94.4622,100.6288,120.31,False
2025-08-27,18.0,17.66,80.5268,11.1844,93.3684,99.8225,119.93,False
2025-08-28,18.0,17.66,80.4421,11.2009,93.3428,99.7546,119.66,False
2025-08-29,18.0,17.66,80.2918,11.2382,93.4891,100.2144,119.06,False
2025-08-30,18.0,17.66,80.2918,11.2382,93.4891,100.2144,119.156667,False
2025-08-31,18.0,17.66,80.2918,11.2382,93.4891,100.2144,119.253333,False
2025-09-01,18.0,17.66,80.2918,11.2382,93.4891,100.2144,119.35,False
2025-09-02,18.0,17.68,80.4261,11.2618,94.3841,100.6963,119.42,False
2025-09-03,18.0,17.71,80.5947,11.2557,93.8373,100.1923,119.8,False
2025-09-04,18.0,17.7,80.8488,11.2981,94.2539,100.5332,121.05,False
2025-09-05,18.0,17.68,81.2977,11.3536,94.7754,101.0537,120.95,False
2025-09-06,18.0,17.6767,81.2977,11.3536,94.7754,101.0537,121.086667,False
2025-09-07,18.0,17.6733,81.2977,11.3536,94.7754,101.0537,121.223333,False
2025-09-08,18.0,17.67,81.2977,11.3536,94.7754,101.0537,121.36,False
2025-09-09,18.0,17.68,82.3397,11.4746,96.5691,103.4418,120.89,False
2025-09-10,18.0,17.08,83.2425,11.6934,98.0336,104.9452,120.48,False
2025-09-11,18.0,16.92,84.9211,11.8961,99.8246,106.4708,119.94,False
2025-09-12,18.0,17.01,85.6647,11.9373,99.7367,107.1747,119.36,False
2025-09-13,18.0,16.93,85.6647,11.9373,99.7367,107.1747,119.14,False
2025-09-14,18.0,16.85,85.6647,11.9373,99.7367,107.1747,118.92,False
2025-09-15,17.0,16.77,85.6647,11.9373,99.7367,107.1747,118.7,False
2025-09-16,17.0,16.85,83.0718,11.5949,97.4502,104.3484,118.36,False
2025-09-17,17.0,16.85,82.8359,11.6052,97.8903,104.5776,118.26,False
2025-09-18,17.0,16.86,82.9987,11.6623,98.2994,105.4889,118.22,False
2025-09-19,17.0,16.93,83.1725,11.6661,98.9773,105.4017,117.12,False
2025-09-20,17.0,16.9367,83.1725,11.6661,98.9773,105.4017,117.043333,False
2025-09-21,17.0,16.9433,83.1725,11.6661,98.9773,105.4017,116.966667,False
2025-09-22,17.0,16.95,83.1725,11.6661,98.9773,105.4017,116.89,False
2025-09-23,17.0,16.93,84.0186,11.7292,98.9638,105.7902,116.96,False
2025-09-24,17.0,16.93,83.3506,11.7014,99.0363,105.2539,116.52,False
2025-09-25,17.0,16.96,83.9914,11.7231,98.6015,105.7959,115.73,False
2025-09-26,17.0,17.0,83.6069,11.7064,98.1542,105.047,115.78,False
2025-09-27,17.0,16.9933,83.6069,11.7064,98.1542,105.047,115.63,False
2025-09-28,17.0,16.9867,83.6069,11.7064,98.1542,105.047,115.48,False
2025-09-29,17.0,16.98,83.6069,11.7064,98.1542,105.047,115.33,False
2025-09-30,17.0,17.03,82.8676,11.5978,97.141,104.0919,114.59,False
2025-10-01,17.0,16.89,82.6084,11.5548,96.8644,103.7664,115.02,False
2025-10-02,17.0,16.72,81.4967,11.392,95.6382,102.4471,114.33,False
2025-10-03,17.0,16.85,81.0085,11.3342,95.3411,101.7439,114.38,False
2025-10-04,17.0,16.8767,81.0085,11.3342,95.3411,101.7439,114.443333,False
2025-10-05,17.0,16.9033,81.0085,11.3342,95.3411,101.7439,114.506667,False
2025-10-06,17.0,16.93,81.0085,11.3342,95.3411,101.7439,114.57,False
2025-10-07,17.0,16.93,83.0,11.5581,96.8345,103.9319,114.79,False
2025-10-08,17.0,16.71,81.9349,11.3685,95.6722,102.7139,113.95,False
2025-10-09,17.0,16.58,81.5478,11.3476,94.9351,101.7948,113.22,False
2025-10-10,17.0,16.29,81.4103,11.3642,94.703,101.4711,113.6,False
2025-10-11,17.0,16.2867,81.4103,11.3642,94.703,101.4711,113.58,False
2025-10-12,17.0,16.2833,81.4103,11.3642,94.703,101.4711,113.56,False
2025-10-13,17.0,16.28,81.4103,11.3642,94.703,101.4711,113.54,False
2025-10-14,17.0,16.3,80.8548,11.2816,93.9181,100.5532,113.3,False
2025-10-15,17.0,16.37,79.9589,11.119,92.6816,99.5256,113.35,False
2025-10-16,17.0,16.37,78.839,11.0216,91.7258,98.5857,114.39,False
2025-10-17,17.0,16.46,79.0839,11.0623,92.0834,99.2768,115.76,False
2025-10-18,17.0,16.4433,79.0839,11.0623,92.0834,99.2768,115.696667,False
2025-10-19,17.0,16.4267,79.0839,11.0623,92.0834,99.2768,115.633333,False
2025-10-20,17.0,16.41,79.0839,11.0623,92.0834,99.2768,115.57,False
2025-10-21,17.0,16.38,81.3582,11.354,94.3845,102.6472,115.13,False
2025-10-22,17.0,16.38,81.3475,11.3645,94.6656,102.4915,114.83,False
2025-10-23,17.0,16.4,81.6549,11.4541,94.7543,102.5815,114.31,False
2025-10-24,17.0,16.43,81.269,11.3733,94.3889,101.9047,114.7,False
2025-10-25,17.0,16.3733,81.269,11.3733,94.3889,101.9047,114.373333,False
2025-10-26,17.0,16.3167,81.269,11.3733,94.3889,101.9047,114.046667,False
2025-10-27,16.5,16.26,81.269,11.3733,94.3889,101.9047,113.72,False
2025-10-28,16.5,16.35,78.9848,11.0648,92.0233,99.2396,114.26,False
2025-10-29,16.5,16.29,79.8174,11.1921,92.9395,100.589,114.6,False
2025-10-30,16.5,16.04,79.4715,11.1707,92.2466,99.826,115.81,False
2025-10-31,16.5,16.35,80.5037,11.2952,93.3894,100.7808,115.62,False
2025-11-01,16.5,16.35,80.5037,11.2952,93.3894,100.7808,115.78,False
2025-11-02,16.5,16.35,80.5037,11.2952,93.3894,100.7808,115.94,False
2025-11-03,16.5,16.35,80.5037,11.2952,93.3894,100.7808,116.1,False
2025-11-04,16.5,16.35,80.5037,11.2952,93.3894,100.7808,116.1,False
2025-11-05,16.5,16.22,80.5037,11.2952,93.3894,100.7808,116.09,False
2025-11-06,16.5,16.34,81.1885,11.3362,93.5131,100.1462,116.08,False
2025-11-07,16.5,16.34,81.3765,11.3674,93.7641,100.589,116.16,False
2025-11-08,16.5,16.34,81.3765,11.3674,93.7641,100.589,116.366667,False
2025-11-09,16.5,16.34,81.3765,11.3674,93.7641,100.589,116.573333,False
2025-11-10,16.5,16.34,81.3765,11.3674,93.7641,100.589,116.78,False
2025-11-11,16.5,16.38,81.0132,11.3506,93.9287,100.5251,117.05,False
2025-11-12,16.5,16.26,81.3562,11.413,94.1954,101.2901,117.46,False
2025-11-13,16.5,16.45,81.2852,11.3731,94.1893,101.6828,117.96,False
2025-11-14,16.5,16.52,80.601,11.3214,93.6953,101.3339,117.55,False
2025-11-15,16.5,16.4567,80.601,11.3214,93.6953,101.3339,117.553333,False
2025-11-16,16.5,16.3933,80.601,11.3214,93.6953,101.3339,117.556667,False
2025-11-17,16.5,16.33,80.601,11.3214,93.6953,101.3339,117.56,False
2025-11-18,16.5,16.27,81.1302,11.4002,94.4179,102.1405,117.58,False
2025-11-19,16.5,16.09,81.0547,11.381,93.9295,101.7891,117.54,False
2025-11-20,16.5,16.1,80.9448,11.3434,93.7804,101.0295,117.8,False
2025-11-21,16.5,16.13,80.7321,11.2795,92.6047,100.2136,117.94,False
2025-11-22,16.5,16.12,80.7321,11.2795,92.6047,100.2136,117.906667,False
2025-11-23,16.5,16.11,80.7321,11.2795,92.6047,100.2136,117.873333,False
2025-11-24,16.5,16.1,80.7321,11.2795,92.6047,100.2136,117.84,False
2025-11-25,16.5,16.05,78.9202,11.0516,91.3672,97.7703,117.67,False
2025-11-26,16.5,16.06,78.9615,11.1052,90.9698,97.5556,117.23,False
2025-11-27,16.5,15.98,78.5941,11.079,91.5047,97.4388,116.97,False
2025-11-28,16.5,16.06,78.2503,11.025,90.788,97.1209,116.91,False
2025-11-29,16.5,16.0567,78.2503,11.025,90.788,97.1209,116.903333,False
2025-11-30,16.5,16.0533,78.2503,11.025,90.788,97.1209,116.896667,False
2025-12-01,16.5,16.05,78.2503,11.025,90.788,97.1209,116.89,False
2025-12-02,16.5,16.16,77.7027,10.9581,90.3438,96.8017,117.08,False
2025-12-03,16.5,16.21,77.4631,10.9251,89.8514,96.3232,116.97,False
2025-12-04,16.5,16.44,77.9556,10.9762,90.5903,97.2379,117.93,False
2025-12-05,16.5,16.48,76.9708,10.8487,89.9011,96.2496,118.42,False
2025-12-06,16.5,16.4367,76.9708,10.8487,89.9011,96.2496,118.396667,False
2025-12-07,16.5,16.3933,76.9708,10.8487,89.9011,96.2496,118.373333,False
2025-12-08,16.5,16.35,76.9708,10.8487,89.9011,96.2496,118.35,False
2025-12-09,16.5,16.15,77.2733,10.8283,89.7054,96.0872,118.12,False
2025-12-10,16.5,16.0,76.8084,10.834,89.4267,95.3549,118.09,False
2025-12-11,16.5,15.95,77.8998,10.9644,91.3806,96.7459,118.68,False
2025-12-12,16.5,15.82,79.3398,11.1867,92.9384,99.3984,118.95,False
2025-12-13,16.5,15.7933,79.3398,11.1867,92.9384,99.3984,118.95,False
2025-12-14,16.5,15.7667,79.3398,11.1867,92.9384,99.3984,118.95,False
2025-12-15,16.5,15.74,79.3398,11.1867,92.9384,99.3984,118.95,False
2025-12-16,16.5,15.78,79.4495,11.2151,93.2274,99.7984,118.83,False
2025-12-17,16.5,15.76,79.4302,11.2567,93.8054,99.7992,118.77,False
2025-12-18,16.5,15.77,80.3807,11.3698,94.1478,100.7529,119.06,False
2025-12-19,16.5,15.8,80.0301,11.3328,94.2524,100.4772,118.82,False
2025-12-20,16.5,15.8033,80.0301,11.3328,94.2524,100.4772,118.6,False
2025-12-21,16.5,15.8067,80.0301,11.3328,94.2524,100.4772,118.38,False
2025-12-22,16.0,15.81,80.0301,11.3328,94.2524,100.4772,118.16,False
2025-12-23,16.0,16.26,79.3146,11.2308,92.8621,99.968,118.02,False
2025-12-24,16.0,15.94,78.585,11.1497,92.8137,99.6639,117.95,False
2025-12-25,16.0,15.76,78.4368,11.1824,92.4742,99.7543,117.27,False
2025-12-26,16.0,15.76,77.8844,11.0773,91.8902,99.0518,117.38,False
2025-12-27,16.0,15.7633,77.8844,11.0773,91.8902,99.0518,117.476667,False
2025-12-28,16.0,15.7667,77.8844,11.0773,91.8902,99.0518,117.573333,False
2025-12-29,16.0,15.77,77.8844,11.0773,91.8902,99.0518,117.67,False
2025-12-30,16.0,15.77,77.4466,11.0501,91.4775,98.2326,118.08,False
2025-12-31,16.0,15.77,78.2267,11.1592,92.0938,99.1969,118.08,False
2026-01-01,16.0,15.77,78.2267,11.1592,92.0938,99.1969,118.08,False
2026-01-02,16.0,15.7564,78.2267,11.1592,92.0938,99.1969,118.08,False
2026-01-03,16.0,15.7427,78.2267,11.1592,92.0938,99.1969,118.17,False
2026-01-04,16.0,15.7291,78.2267,11.1592,92.0938,99.1969,118.26,False
2026-01-05,16.0,15.7155,78.2267,11.1592,92.0938,99.1969,118.35,False
2026-01-06,16.0,15.7018,78.2973,11.1592,92.0779,99.1563,118.68,False
2026-01-07,16.0,15.6882,78.3679,11.1592,92.062,99.1157,118.68,False
2026-01-08,16.0,15.6745,78.4384,11.1592,92.0462,99.0752,118.54,False
2026-01-09,16.0,15.6609,78.509,11.1592,92.0303,99.0346,118.49,False
2026-01-10,16.0,15.6473,78.5796,11.1592,92.0144,98.994,118.223333,False
2026-01-11,16.0,15.6336,78.6501,11.1592,91.9986,98.9535,117.956667,False
2026-01-12,16.0,15.62,78.7207,11.1592,91.9827,98.9129,117.69,False
2026-01-13,16.0,15.16,78.7913,11.2856,91.9668,98.8723,116.96,False
2026-01-14,16.0,15.52,78.8527,11.2763,92.3973,98.8501,116.99,False
2026-01-15,16.0,15.71,78.5711,11.2419,92.1964,97.9934,116.6,False
2026-01-16,16.0,15.82,78.528,11.2402,91.8123,98.1109,117.08,False
2026-01-17,16.0,15.7967,78.528,11.2402,91.8123,98.1109,117.063333,False
2026-01-18,16.0,15.7733,78.528,11.2402,91.8123,98.1109,117.046667,False
2026-01-19,16.0,15.75,78.528,11.2402,91.8123,98.1109,117.03,False
2026-01-20,16.0,15.71,77.7586,11.1604,90.1611,97.3443,116.84,False
2026-01-21,16.0,15.7,77.8247,11.1691,91.1954,98.45,116.72,False
2026-01-22,16.0,15.58,77.5159,11.111,90.7211,97.7625,116.61,False
2026-01-23,16.0,15.49,76.0382,10.8646,88.7898,95.8384,116.73,False
2026-01-24,16.0,15.5433,76.0382,10.8646,88.7898,95.8384,116.593333,False
2026-01-25,16.0,15.5967,76.0382,10.8646,88.7898,95.8384,116.456667,False
2026-01-26,16.0,15.65,76.0382,10.8646,88.7898,95.8384,116.32,False
2026-01-27,16.0,15.53,76.0101,10.9315,90.2877,97.9512,116.28,False
2026-01-28,16.0,15.69,76.5519,10.9751,90.9329,98.6621,116.27,False
2026-01-29,16.0,15.87,76.2662,10.943,91.2988,99.4474,116.71,False
2026-01-30,16.0,15.85,76.0251,10.9002,90.9751,99.0039,116.76,False
2026-01-31,16.0,15.8233,76.0251,10.9002,90.9751,99.0039,116.703333,False
2026-02-01,16.0,15.7967,76.0251,10.9002,90.9751,99.0039,116.646667,False
2026-02-02,16.0,15.77,76.0251,10.9002,90.9751,99.0039,116.59,False
2026-02-03,16.0,15.66,77.0223,11.0538,91.247,99.4349,116.61,False
2026-02-04,16.0,15.57,76.9817,11.0638,90.7178,98.8593,116.74,False
2026-02-05,16.0,15.45,76.9102,11.0515,91.1138,99.0855,116.47,False
2026-02-06,16.0,15.34,76.5523,10.9931,90.2881,98.3457,116.17,False
2026-02-07,16.0,15.3267,76.5523,10.9931,90.2881,98.3457,116.116667,False
2026-02-08,16.0,15.3133,76.5523,10.9931,90.2881,98.3457,116.063333,False
2026-02-09,16.0,15.3,76.5523,10.9931,90.2881,98.3457,116.01,False
2026-02-10,16.0,15.24,77.6502,11.1677,92.0136,100.5181,115.56,False
2026-02-11,16.0,15.28,77.2091,11.1533,91.9429,100.861,115.68,False
2026-02-12,16.0,15.21,77.4648,11.1681,92.475,101.1818,116.44,False
2026-02-13,16.0,15.28,77.188,11.1582,91.7113,100.479,117.4,False
2026-02-14,16.0,15.2367,77.188,11.1582,91.7113,100.479,117.68,False
2026-02-15,16.0,15.1933,77.188,11.1582,91.7113,100.479,117.96,False
2026-02-16,15.5,15.15,77.188,11.1582,91.7113,100.479,118.24,False
2026-02-17,15.5,15.19,76.6201,11.0859,91.0368,99.5842,118.19,False
2026-02-18,15.5,15.29,76.7389,11.0934,90.8658,99.7646,118.54,False
2026-02-19,15.5,15.21,76.1524,11.0137,90.2683,98.7197,118.74,False
2026-02-20,15.5,15.3,76.6405,11.0747,90.1669,99.3525,118.45,False
2026-02-21,15.5,15.3,76.6405,11.0747,90.1669,99.3525,118.45,False
2026-02-22,15.5,15.3,76.6405,11.0747,90.1669,99.3525,118.45,False
2026-02-23,15.5,15.3,76.6405,11.0747,90.1669,99.3525,118.45,False
2026-02-24,15.5,15.28,76.6405,11.0747,90.1669,99.3525,118.44,False
2026-02-25,15.5,15.16,76.6342,11.1172,90.5821,99.0106,118.29,False
2026-02-26,15.5,15.15,76.4678,11.1187,90.3211,98.7828,118.0,False
2026-02-27,15.5,15.19,77.1218,11.2487,91.0281,99.6534,118.1,False
2026-02-28,15.5,15.1933,77.1218,11.2487,91.0281,99.6534,118.02,False
2026-03-01,15.5,15.1967,77.1218,11.2487,91.0281,99.6534,117.94,False
2026-03-02,15.5,15.2,77.1218,11.2487,91.0281,99.6534,117.86,False
2026-03-03,15.5,15.27,77.1734,11.196,90.7307,99.9655,118.08,False
2026-03-04,15.5,15.27,77.6093,11.221,90.3098,98.7521,118.01,False
2026-03-05,15.5,15.27,77.8009,11.2488,90.7458,99.3118,117.97,False
2026-03-06,15.5,15.26,78.19,11.3486,90.7926,100.3465,117.93,False
2026-03-07,15.5,15.26,78.19,11.3486,90.7926,100.3465,118.02,False
2026-03-08,15.5,15.26,78.19,11.3486,90.7926,100.3465,118.11,False
2026-03-09,15.5,15.26,78.19,11.3486,90.7926,100.3465,118.2,False
2026-03-10,15.5,15.26,78.19,11.3486,90.7926,100.3465,118.17,False
2026-03-11,15.5,15.02,78.7396,11.4413,91.8979,101.5471,118.12,False
2026-03-12,15.5,14.87,79.068,11.5051,91.9378,101.5515,118.9,False
2026-03-13,15.5,14.8,79.0671,11.5027,91.3893,101.3031,119.86,False
2026-03-14,15.5,14.79,79.0671,11.5027,91.3893,101.3031,119.87,False
2026-03-15,15.5,14.78,79.0671,11.5027,91.3893,101.3031,119.88,False
2026-03-16,15.5,14.77,79.0671,11.5027,91.3893,101.3031,119.89,False
2026-03-17,15.5,14.75,81.0517,11.7441,92.6555,102.7011,119.66,False
2026-03-18,15.5,14.78,81.9103,11.8865,93.1557,104.0792,119.66,False
2026-03-19,15.5,14.78,83.1259,12.1155,94.6663,105.7312,119.49,False
2026-03-20,15.5,14.75,84.8379,12.3824,96.9155,106.7949,119.7,False
2026-03-21,15.5,14.7267,84.8379,12.3824,96.9155,106.7949,119.563333,False
2026-03-22,15.5,14.7033,84.8379,12.3824,96.9155,106.7949,119.426667,False
2026-03-23,15.0,14.68,84.8379,12.3824,96.9155,106.7949,119.29,False
2026-03-24,15.0,14.96,81.8763,11.8709,94.7264,103.2358,119.51,False
2026-03-25,15.0,14.82,80.9604,11.7271,93.9247,102.9245,119.56,False
2026-03-26,15.0,14.58,80.7192,11.6947,93.8097,102.1633,119.39,False
2026-03-27,15.0,14.58,82.1314,11.9001,95.0038,103.6882,119.34,False
2026-03-28,15.0,14.5867,82.1314,11.9001,95.0038,103.6882,119.286667,False
2026-03-29,15.0,14.5933,82.1314,11.9001,95.0038,103.6882,119.233333,False
2026-03-30,15.0,14.6,82.1314,11.9001,95.0038,103.6882,119.18,False
2026-03-31,15.0,14.69,81.2955,11.7439,93.4369,101.6067,119.16,False
2026-04-01,15.0,14.76,81.2504,11.7804,93.2739,101.563,119.17,False
2026-04-02,15.0,14.77,80.6234,11.707,93.4443,101.592,119.15,False
2026-04-03,15.0,14.78,80.3332,11.6278,92.7326,101.2263,119.02,False
2026-04-04,15.0,14.78,80.3332,11.6278,92.7326,101.2263,119.02,False
2026-04-05,15.0,14.78,80.3332,11.6278,92.7326,101.2263,119.02,False
2026-04-06,15.0,14.78,80.3332,11.6278,92.7326,101.2263,119.02,False
2026-04-07,15.0,14.74,78.7277,11.4481,91.0034,98.4589,118.93,False
2026-04-08,15.0,14.72,78.7496,11.4713,91.0279,98.659,119.06,False
2026-04-09,15.0,14.66,78.3043,11.4581,91.5641,99.2827,118.72,False
2026-04-10,15.0,14.6,77.8366,11.3685,90.8813,98.4152,119.15,False
2026-04-11,15.0,14.5967,77.4397,11.3685,90.4453,97.9255,119.163333,False
2026-04-12,15.0,14.5933,77.0428,11.3685,90.0093,97.4359,119.176667,False
2026-04-13,15.0,14.59,76.6458,11.3685,89.5733,96.9462,119.19,False
2026-04-14,15.0,14.54,76.2489,11.1338,89.1373,96.4565,118.97,False
2026-04-15,15.0,14.53,75.8532,11.091,89.2556,97.1729,119.15,False
2026-04-16,15.0,14.48,75.2346,11.0334,88.7303,96.3434,120.05,False
2026-04-17,15.0,14.47,76.0861,11.17,89.4113,97.2595,120.09,False
2026-04-18,15.0,14.47,75.8738,11.17,89.1527,96.9974,120.16,False
2026-04-19,15.0,14.47,75.6616,11.17,88.8941,96.7353,120.23,False
2026-04-20,15.0,14.47,75.4493,11.17,88.6355,96.4731,120.3,False
2026-04-21,15.0,14.45,75.237,11.0418,88.3769,96.211,120.26,False
2026-04-22,15.0,14.47,74.5897,10.9451,87.7659,95.5788,120.75,False
2026-04-23,15.0,14.43,74.9995,10.9931,87.9733,96.1532,120.8,False
2026-04-24,15.0,14.38,74.8349,10.9441,87.5261,95.4283,119.89,False
2026-04-25,15.0,14.4033,74.8282,10.9441,87.6152,95.4411,119.746667,False
2026-04-26,15.0,14.4267,74.8215,10.9441,87.7044,95.4538,119.603333,False
2026-04-27,14.5,14.45,74.8148,10.9441,87.7935,95.4666,119.46,False
2026-04-28,14.5,14.84,74.8081,10.9513,87.8826,95.4794,119.35,False
2026-04-29,14.5,14.54,74.6947,10.942,87.5928,94.6701,119.46,False
2026-04-30,14.5,14.4,74.8806,10.9535,87.7771,94.8456,119.7,False
2026-05-01,14.5,14.3925,74.8014,10.9593,88.6429,94.7093,119.695,False
2026-05-02,14.5,14.385,74.9608,10.9593,88.5485,95.1369,119.69,False
2026-05-03,14.5,14.3775,75.1201,10.9593,88.454,95.5645,119.685,False
2026-05-04,14.5,14.37,75.2794,10.9593,88.3595,95.9921,119.68,False
2026-05-05,14.5,14.16,75.4388,11.0343,88.2651,96.4197,119.48,False
2026-05-06,14.5,14.04,75.3448,11.0247,88.3463,96.1767,119.53,False
2026-05-07,14.5,14.01,75.2246,10.9949,88.06,96.6152,119.43,False
2026-05-08,14.5,13.71,74.6209,10.9709,87.8897,95.9508,119.33,False
2026-05-09,14.5,13.755,74.4543,10.9709,87.7876,95.666,119.483333,False
2026-05-10,14.5,13.8,74.2877,10.9709,87.6855,95.3813,119.636667,False
2026-05-11,14.5,13.845,74.121,10.9709,87.5833,95.0965,119.79,False
2026-05-12,14.5,13.89,73.9544,10.9709,87.4812,94.8118,119.53,False
2026-05-13,14.5,14.07,73.7878,10.8522,87.3791,94.527,119.48,False
2026-05-14,14.5,14.17,73.342,10.7933,85.9017,93.7637,119.36,False
2026-05-15,14.5,14.16,73.1385,10.7855,86.2899,93.5036,119.45,False
2026-05-16,14.5,14.1433,72.9413,10.7855,85.736,93.1749,119.413333,False
2026-05-17,14.5,14.1267,72.7441,10.7855,85.1821,92.8461,119.376667,False
2026-05-18,14.5,14.11,72.5469,10.7855,84.6281,92.5174,119.34,False
2026-05-19,14.5,14.23,72.3497,10.6279,84.0742,92.1887,119.15,False
2026-05-20,14.5,14.13,71.2926,10.4545,82.7871,90.5993,119.34,False
2026-05-21,14.5,14.16,70.9509,10.4161,81.9823,89.7885,119.34,False
2026-05-22,14.5,14.07,70.7902,10.398,83.2746,89.9609,119.23,False
2026-05-23,14.5,14.0633,70.9792,10.398,83.8183,90.2241,119.153333,False
2026-05-24,14.5,14.0567,71.1681,10.398,84.362,90.4874,119.076667,False
2026-05-25,14.5,14.05,71.3571,10.398,84.9056,90.7507,119.0,False
2026-05-26,14.5,14.09,71.546,10.5317,85.4493,91.0139,118.87,False
2026-05-27,14.5,14.26,71.668,10.5505,83.2975,91.3434,118.91,False
2026-05-28,14.5,14.15,70.9012,10.4557,82.7224,90.1936,119.02,False
2026-05-29,14.5,14.17,71.3715,10.4487,83.6892,90.4582,118.87,False
2026-05-30,14.5,14.17,71.4169,10.4487,84.3294,90.6837,118.793333,False
2026-05-31,14.5,14.17,71.4624,10.4487,84.9695,90.9092,118.716667,False
2026-06-01,14.5,14.17,71.5078,10.4487,85.6097,91.1346,118.64,False
2026-06-02,14.5,14.17,71.5532,10.5762,86.2499,91.3601,119.04,False
2026-06-03,14.5,14.17,72.5597,10.7312,84.6096,92.3151,119.05,False
2026-06-04,14.5,14.08,73.3436,10.8262,85.1243,92.8988,119.11,False
2026-06-05,14.5,14.17,74.2956,10.9536,86.2712,93.9618,119.14,False
2026-06-06,14.5,14.1267,74.0378,10.9536,86.0233,93.4239,118.936667,False
2026-06-07,14.5,14.0833,73.78,10.9536,85.7755,92.8859,118.733333,False
2026-06-08,14.5,14.04,73.5222,10.9536,85.5276,92.3479,118.53,False
2026-06-09,14.5,13.97,73.2644,10.7826,85.2798,91.81,118.48,False
2026-06-10,14.5,13.94,71.7318,10.5831,82.7785,90.0701,118.62,False
2026-06-11,14.5,13.87,71.7892,10.5825,83.0816,89.8488,118.44,False
2026-06-12,14.5,13.8575,71.9077,10.6064,82.9743,89.8846,118.465,False
2026-06-13,14.5,13.845,72.0436,10.6064,83.1818,90.2428,118.49,False
2026-06-14,14.5,13.8325,72.1795,10.6064,83.3894,90.6011,118.515,False
2026-06-15,14.5,13.82,72.3154,10.6064,83.5969,90.9593,118.54,False
2026-06-16,14.5,13.76,72.4513,10.7047,83.8044,91.3175,118.4,False
2026-06-17,14.5,13.77,72.1388,10.6624,83.7315,90.7863,118.39,False
2026-06-18,14.5,13.72,72.7479,10.7589,84.3439,91.865,118.15,False
2026-06-19,14.5,13.74,73.3591,10.8284,85.0305,91.4132,117.22,False
2026-06-20,14.5,13.85,73.4606,10.8284,84.9194,91.3804,116.606667,False
2026-06-21,14.5,13.96,73.562,10.8284,84.8084,91.3476,115.993333,False
2026-06-22,14.25,14.07,73.6635,10.8284,84.6974,91.3148,115.38,False
2026-06-23,14.25,14.13,73.765,10.8847,84.5863,91.282,116.11,False
2026-06-24,14.25,14.16,74.62,10.9947,85.4847,92.1462,114.99,False
2026-06-25,14.25,14.03,74.7738,10.9713,85.1823,92.1313,114.3,False
2026-06-26,14.25,14.02,75.6347,11.044,85.7697,93.2725,113.81,False
2026-06-27,14.25,14.11,76.1645,11.044,86.4891,93.9792,113.876667,False
2026-06-28,14.25,14.2,76.6943,11.044,87.2084,94.6858,113.943333,False
2026-06-29,14.25,14.29,77.2241,11.044,87.9278,95.3925,114.01,False
2026-06-30,14.25,14.31,77.7539,11.4624,88.6472,96.0992,113.43,False
2026-07-01,14.25,14.22,78.2696,11.4932,89.2743,96.6888,113.26,False
2026-07-02,14.25,14.34,78.2652,11.4842,89.1754,96.6714,112.58,False
2026-07-03,14.25,14.4,77.9293,11.4693,88.7069,96.8547,112.08,False
2026-07-04,14.25,14.4,77.9393,11.4693,88.8451,96.8401,111.81,False
2026-07-05,14.25,14.4,77.9494,11.4693,88.9832,96.8255,111.54,False
2026-07-06,14.25,14.4,77.9595,11.4693,89.1214,96.811,111.27,False
2026-07-07,14.25,14.4,77.9695,11.4555,89.2595,96.7964,111.69,False
2026-07-08,14.25,14.4,76.1258,11.2068,86.8976,94.402,112.62,False
2026-07-09,14.25,14.54,76.4026,11.2219,87.3511,94.5811,113.51,False
2026-07-10,14.25,14.82,75.93,11.1616,86.5906,94.1009,113.22,False
2026-07-11,14.25,14.82,76.1028,11.1616,86.8375,94.2769,112.956667,False
2026-07-12,14.25,14.82,76.2757,11.1616,87.0844,94.4529,112.693333,False
2026-07-13,14.25,14.82,76.4485,11.1616,87.3312,94.6289,112.43,False
2026-07-14,14.25,14.3,76.6213,11.2925,87.5781,94.8049,112.88,False
2026-07-15,14.25,14.28,77.4912,11.3775,88.5259,95.362,111.78,False
2026-07-16,14.25,14.75,77.9568,11.5136,88.9097,96.2192,111.01,False
2026-07-17,14.25,14.79,78.3181,11.5139,89.3296,97.0485,110.61,False
2026-07-18,14.25,14.79,78.3175,11.5139,89.3858,97.0508,110.956667,False
2026-07-19,14.25,14.79,78.317,11.5139,89.4419,97.0532,111.303333,False
2026-07-20,14.25,14.79,78.3165,11.5139,89.498,97.0555,111.65,False
2026-07-21,14.25,14.72,78.3159,11.5698,89.5542,97.0578,112.57,False
2026-07-22,14.25,14.22,78.554,11.6091,89.7558,96.9443,112.73,False
2026-07-23,14.25,14.1178,78.4756,11.5782,89.6034,96.6567,112.73,False
2026-07-24,14.25,14.1178,78.4756,11.5782,89.6034,96.6567,112.73,False
2026-07-25,14.25,14.1178,78.0308,11.5025,88.8927,95.5674,112.73,False
2026-07-26,14.25,14.1178,78.0308,11.5025,88.8927,95.5674,112.73,False
2026-07-27,14.0,14.1178,78.0308,11.5025,88.8927,95.5674,112.73,False
2026-07-28,14.0,14.1178,78.0308,11.5025,88.8927,95.5674,112.73,False
2026-07-29,14.0,14.1178,78.0308,11.5025,88.8927,95.5674,112.73,False
2026-07-30,14.0,14.1178,78.0308,11.5025,88.8927,95.5674,112.73,False
2026-07-31,14.0,14.03,78.0308,11.5025,88.8927,95.5674,115.22,False
2026-08-01,14.0,14.03,79.4637,11.7694,91.1925,98.5413,115.22,False
2026-08-02,14.0,14.03,79.4637,11.7694,91.1925,98.5413,115.22,False
2026-08-03,14.0,13.86,79.4637,11.7694,91.1925,98.5413,114.87,False
2026-08-04,14.0,13.83,80.0687,11.8342,91.9589,98.9724,115.24,False
2026-08-05,14.0,13.62,81.1291,11.9677,93.5824,100.1347,115.37,False
2026-08-06,14.0,13.62,80.9293,11.9684,93.1901,99.9374,115.37,False
2026-08-07,14.0,13.67,80.9293,11.9684,93.1901,99.9374,115.17,False
2026-08-08,14.0,13.67,82.1665,12.1655,94.8366,101.3026,115.17,False
2026-08-09,14.0,13.67,82.1665,12.1655,94.8366,101.3026,115.17,False
2026-08-10,14.0,13.55,82.1665,12.1655,94.8366,101.3026,115.29,False
2026-08-11,14.0,13.58,82.606,12.2546,95.286,102.2098,115.58,False
2026-08-12,14.0,13.82,82.3742,12.1819,95.1834,101.5586,115.61,False
2026-08-13,14.0,13.82,82.9977,12.278,95.7793,102.1259,115.61,False
2026-08-14,14.0,13.98,82.9977,12.278,95.7793,102.1259,114.24,False
2026-08-15,14.0,13.98,84.5449,12.4789,97.5141,103.9146,114.24,False
2026-08-16,14.0,13.98,84.5449,12.4789,97.5141,103.9146,114.24,False
2026-08-17,14.0,13.9,84.5449,12.4789,97.5141,103.9146,113.3,False
2026-08-18,14.0,13.84,85.0136,12.6275,98.3352,105.0588,113.7,False
2026-08-19,14.0,13.76,85.1645,12.624,98.7312,104.947,113.91,False
2026-08-20,14.0,13.71,85.1293,12.6301,98.5457,104.9813,113.57,False
2026-08-21,14.0,13.87,83.355,12.4057,96.7335,104.468,113.88,False
2026-08-22,14.0,13.87,82.9211,12.3343,96.8601,103.7032,113.88,False
2026-08-23,14.0,13.87,82.9211,12.3343,96.8601,103.7032,113.88,False
2026-08-24,14.0,13.7,82.9211,12.3343,96.8601,103.7032,113.15,False
2026-08-25,14.0,13.7,83.2878,12.3853,97.4384,103.8242,113.94,False
2026-08-26,14.0,13.58,84.4635,12.5659,98.5182,105.198,113.5,False
2026-08-27,14.0,13.51,84.282,12.5294,98.2897,104.8805,113.36,False
2026-08-28,14.0,13.54,85.9541,12.7691,100.2998,106.6958,113.54,False
2026-08-29,14.0,13.54,85.6007,12.7335,99.682,106.4421,113.54,False
2026-08-30,14.0,13.54,85.6007,12.7335,99.682,106.4421,113.54,False
2026-08-31,14.0,13.68,85.6007,12.7335,99.682,106.4421,113.89,False
2026-09-01,14.0,13.99,86.3793,12.858,100.5714,106.7993,113.88,False
2026-09-02,14.0,13.88,86.753,12.897,100.5988,107.0892,113.61,False
2026-09-03,14.0,13.95,86.9963,12.9217,100.8287,106.757,113.63,False
2026-09-04,14.0,14.15,86.8872,12.9191,100.598,107.4273,113.91,False
2026-09-05,14.0,14.15,86.5857,12.8849,100.5693,107.0678,113.91,False
2026-09-06,14.0,14.15,86.5857,12.8849,100.5693,107.0678,113.91,False
2026-09-07,14.0,13.99,86.5857,12.8849,100.5693,107.0678,113.8,False
2026-09-08,14.0,14.22,86.1909,12.8537,100.1711,106.4742,113.68,False
2026-09-09,14.0,13.93,86.473,12.8842,100.4989,106.5201,113.67,False
2026-09-10,14.0,13.71,85.4594,12.7373,99.2525,105.5706,113.81,False
2026-09-11,14.0,13.84,84.3508,12.5637,98.2856,104.0982,112.97,False
2026-09-12,14.0,13.84,84.2569,12.5519,97.8728,103.4843,112.97,False
2026-09-13,14.0,13.84,84.2569,12.5519,97.8728,103.4843,112.97,False
2026-09-14,14.0,14.06,84.2569,12.5519,97.8728,103.4843,113.23,False
2026-09-15,14.0,14.09,84.3363,12.5353,97.7626,102.9873,112.85,False
2026-09-16,14.0,14.09,84.2362,12.5538,97.3012,103.0286,112.85,False
2026-09-17,14.0,14.23,84.2362,12.5538,97.3012,103.0286,112.52,False
2026-09-18,14.0,14.03,84.5093,12.5788,97.4984,102.3983,112.87,False
2026-09-19,14.0,14.03,84.1975,12.567,96.6671,102.1071,112.87,False
2026-09-20,14.0,14.03,84.1975,12.567,96.6671,102.1071,112.87,False
2026-09-21,14.0,14.13,84.1975,12.567,96.6671,102.1071,112.68,False
2026-09-22,14.0,14.03,84.0954,12.5448,96.3733,102.1443,112.33,False
2026-09-23,14.0,14.21,84.0657,12.5291,96.5915,102.4442,112.48,False
2026-09-24,14.0,14.1,84.3969,12.5598,96.7442,102.6477,112.33,False
2026-09-25,14.0,14.11,84.9057,12.65,96.8859,102.5679,112.19,False
2026-09-26,14.0,14.11,84.3414,12.5355,95.8709,101.7756,112.19,False
2026-09-27,14.0,14.11,84.3414,12.5355,95.8709,101.7756,112.19,False
2026-09-28,14.0,14.15,84.3414,12.5355,95.8709,101.7756,111.53,False
2026-09-29,14.0,14.17,84.4075,12.5629,96.2499,101.5612,111.22,False
2026-09-30,14.0,14.07,84.4283,12.5764,96.0625,101.2208,111.22,False
2026-10-01,14.0,14.07,83.5588,12.4732,94.881,100.3348,111.25,False
2026-10-02,14.0,13.83,83.2454,12.4028,94.5252,99.6593,111.19,False
2026-10-03,14.0,13.83,83.4839,12.4328,94.3201,100.7894,111.19,False
2026-10-04,14.0,13.83,83.4839,12.4328,94.3201,100.7894,111.19,False
2026-10-05,14.0,13.76,83.4839,12.4328,94.3201,100.7894,111.29,False
2026-10-06,14.0,13.68,84.9309,12.6491,95.3349,102.4004,111.08,False
2026-10-07,14.0,13.68,85.7116,12.7984,96.0313,103.0188,111.11,False
2026-10-08,14.0,14.02,85.4811,12.7516,96.3287,102.5937,110.62,False
2026-10-09,14.0,14.0197,85.518027,12.759528,96.408106,102.663876,110.642035,True
2026-10-10,14.0,14.0187,85.555753,12.767657,96.489616,102.734158,110.664343,True
2026-10-11,14.0,14.0172,85.593877,12.775786,96.572725,102.803834,110.68694,True
2026-10-12,14.0,14.015,85.632305,12.783912,96.657037,102.872715,110.709837,True
2026-10-13,14.0,14.0123,85.670831,12.792038,96.742043,102.940193,110.733055,True
2026-10-14,14.0,14.009,85.70916,12.800066,96.827353,103.005871,110.756606,True
2026-10-15,14.0,14.0052,85.747183,12.807894,96.912362,103.06935,110.780491,True
2026-10-16,14.0,14.0009,85.784611,12.815423,96.996571,103.130226,110.804746,True
2026-10-17,14.0,13.996,85.821135,12.82275,97.079484,103.188105,110.82937,True
2026-10-18,14.0,13.9907,85.85666,12.829677,97.160389,103.242685,110.854376,True
2026-10-19,14.0,13.9849,85.890788,12.836204,97.239001,103.293664,110.879784,True
2026-10-20,14.0,13.9786,85.923411,12.842228,97.314613,103.340741,110.905604,True
2026-10-21,14.0,13.9719,85.954439,12.847856,97.38682,103.383922,110.931848,True
2026-10-22,14.0,13.9648,85.983565,12.852881,97.455329,103.422998,110.958529,True
2026-10-23,14.0,13.9573,86.01079,12.857308,97.519538,103.457978,110.985661,True
2026-10-24,14.0,13.9494,86.035818,12.861235,97.579348,103.488958,111.013255,True
2026-10-25,14.0,13.9411,86.058747,12.864563,97.634456,103.515936,111.041313,True
2026-10-26,14.0,13.9325,86.079468,12.867188,97.684669,103.539214,111.06986,True
2026-10-27,14.0,13.9236,86.097897,12.869418,97.729775,103.559092,111.098896,True
2026-10-28,14.0,13.9143,86.114221,12.870944,97.769987,103.575771,111.128432,True
2026-10-29,14.0,13.9048,86.128451,12.87197,97.805195,103.589747,111.158479,True
2026-10-30,14.0,13.895,86.140574,12.872499,97.835706,103.601528,111.18904,True
2026-10-31,14.0,13.8849,86.150902,12.872628,97.861516,103.611505,111.220131,True
2026-11-01,14.0,13.8745,86.159427,12.872355,97.88302,103.620287,111.251752,True
2026-11-02,14.0,13.864,86.166451,12.871683,97.900633,103.628465,111.28391,True
2026-11-03,14.0,13.8532,86.172182,12.870811,97.914643,103.636643,111.316612,True
2026-11-04,14.0,13.8423,86.176808,12.869737,97.925752,103.64542,111.34986,True
2026-11-05,14.0,13.8311,86.180533,12.868563,97.934163,103.655302,111.383669,True
2026-11-06,14.0,13.8198,86.183857,12.867289,97.940771,103.667077,111.418024,True
2026-11-07,14.0,13.8084,86.186786,12.866117,97.945878,103.681156,111.452936,True
2026-11-08,14.0,13.7968,86.189811,12.865043,97.95029,103.698234,111.488414,True
2026-11-09,14.0,13.7852,86.193033,12.864172,97.954601,103.718716,111.52445,True
2026-11-10,14.0,13.7734,86.196864,12.863497,97.959307,103.743093,111.561046,True
2026-11-11,14.0,13.7616,86.201589,12.863225,97.965118,103.771874,111.598202,True
2026-11-12,14.0,13.7498,86.207317,12.86325,97.972628,103.80515,111.635914,True
2026-11-13,14.0,13.7379,86.214439,12.863876,97.982236,103.843431,111.674182,True
2026-11-14,14.0,13.7259,86.223068,12.864909,97.994647,103.886911,111.712999,True
2026-11-15,14.0,13.714,86.233491,12.866431,98.010155,103.935483,111.752371,True
2026-11-16,14.0,13.7021,86.245716,12.868658,98.029266,103.989463,111.792285,True
2026-11-17,14.0,13.6903,86.260045,12.871389,98.052378,104.048641,111.832737,True
2026-11-18,14.0,13.6785,86.276469,12.874812,98.079583,104.113024,111.873723,True
2026-11-19,14.0,13.6667,86.295092,12.878737,98.111293,104.182395,111.915229,True
2026-11-20,14.0,13.6551,86.316023,12.883367,98.147503,104.256482,111.957252,True
2026-11-21,14.0,13.6435,86.33915,12.888596,98.188313,104.335057,111.999788,True
2026-11-22,14.0,13.6321,86.364474,12.894423,98.233822,104.417638,112.042817,True
2026-11-23,14.0,13.6208,86.391902,12.900851,98.283933,104.503915,112.08634,True
2026-11-24,14.0,13.6096,86.421424,12.907678,98.338443,104.593292,112.130339,True
2026-11-25,14.0,13.5987,86.452954,12.915105,98.39715,104.685474,112.174804,True
2026-11-26,14.0,13.5879,86.486179,12.922831,98.459861,104.779752,112.219726,True
2026-11-27,14.0,13.5774,86.521102,12.93106,98.526272,104.87563,112.265093,True
2026-11-28,14.0,13.567,86.557531,12.939582,98.596076,104.972507,112.310884,True
2026-11-29,14.0,13.5569,86.595155,12.948313,98.668785,105.070086,112.357097,True
2026-11-30,14.0,13.5471,86.633887,12.957237,98.743997,105.167567,112.40371,True
2026-12-01,14.0,13.5376,86.673407,12.966367,98.821407,105.264546,112.450714,True
2026-12-02,14.0,13.5283,86.713534,12.975494,98.900415,105.360522,112.498088,True
2026-12-03,14.0,13.5194,86.754059,12.984722,98.980726,105.455,112.54582,True
2026-12-04,14.0,13.5108,86.79489,12.993847,99.061736,105.547678,112.59389,True
2026-12-05,14.0,13.5025,86.835612,13.002975,99.143046,105.638059,112.642291,True
2026-12-06,14.0,13.4946,86.87604,13.011803,99.224354,105.725937,112.690994,True
2026-12-07,14.0,13.4871,86.916164,13.02053,99.305062,105.811016,112.739996,True
2026-12-08,14.0,13.48,86.955591,13.029057,99.384872,105.893098,112.789275,True
2026-12-09,14.0,13.4733,86.99432,13.037281,99.463481,105.971974,112.838809,True
2026-12-10,14.0,13.467,87.032242,13.045211,99.540491,106.047653,112.888587,True
2026-12-11,14.0,13.4612,87.069069,13.052735,99.615703,106.119931,112.938586,True
2026-12-12,14.0,13.4559,87.104694,13.060062,99.688913,106.188909,112.988793,True
2026-12-13,14.0,13.451,87.139222,13.066991,99.759919,106.254688,113.039197,True
2026-12-14,14.0,13.4467,87.172347,13.07352,99.828432,106.317263,113.089774,True
2026-12-15,14.0,13.4429,87.204272,13.079746,99.894541,106.376745,113.140501,True
2026-12-16,14.0,13.4396,87.234701,13.085571,99.958047,106.433325,113.191371,True
2026-12-17,14.0,13.4369,87.263825,13.091099,100.018857,106.487202,113.242361,True
2026-12-18,14.0,13.4347,87.291454,13.096226,100.077168,106.53848,113.293463,True
2026-12-19,14.0,13.4332,87.317678,13.101051,100.132878,106.587359,113.344649,True
2026-12-20,14.0,13.4322,87.342603,13.105581,100.185887,106.634037,113.395914,True
2026-12-21,13.75,13.535,87.366029,13.109808,100.236496,106.678817,113.447233,True
2026-12-22,13.75,13.5347,87.388155,13.113836,100.284606,106.721797,113.498599,True
2026-12-23,13.75,13.5337,87.408881,13.117463,100.330416,106.763076,113.549992,True
2026-12-24,13.75,13.5321,87.428306,13.120989,100.373824,106.802852,113.601399,True
2026-12-25,13.75,13.5299,87.446434,13.124216,100.415031,106.841233,113.652804,True
2026-12-26,13.75,13.5271,87.463259,13.127142,100.454041,106.878308,113.7042,True
2026-12-27,13.75,13.5237,87.478788,13.129971,100.490953,106.914089,113.755564,True
2026-12-28,13.75,13.5198,87.493011,13.132499,100.525765,106.948767,113.806894,True
2026-12-29,13.75,13.5154,87.50594,13.134925,100.558473,106.982145,113.858176,True
2026-12-30,13.75,13.5106,87.517663,13.137054,100.58918,107.014224,113.909395,True
2026-12-31,13.75,13.5052,87.527991,13.138978,100.61769,107.045005,113.960537,True
2027-01-01,13.75,13.4995,87.517715,13.137807,100.614399,107.048481,114.011602,True
2027-01-02,13.75,13.4933,87.508242,13.136833,100.612612,107.052661,114.062578,True
2027-01-03,13.75,13.4867,87.499468,13.135859,100.612119,107.057639,114.113448,True
2027-01-04,13.75,13.4798,87.491394,13.135083,100.613027,107.063319,114.164219,True
2027-01-05,13.75,13.4726,87.483921,13.134513,100.615035,107.069395,114.21488,True
2027-01-06,13.75,13.465,87.477047,13.133941,100.618348,107.075978,114.265411,True
2027-01-07,13.75,13.4571,87.470772,13.133469,100.622657,107.082954,114.315827,True
2027-01-08,13.75,13.449,87.464896,13.133096,100.627964,107.090133,114.366107,True
2027-01-09,13.75,13.4406,87.459626,13.132726,100.634178,107.097411,114.41626,True
2027-01-10,13.75,13.4321,87.454751,13.132451,100.641182,107.10469,114.466274,True
2027-01-11,13.75,13.4233,87.450177,13.132277,100.648894,107.111965,114.516147,True
2027-01-12,13.75,13.4143,87.445997,13.132105,100.657199,107.119045,114.565889,True
2027-01-13,13.75,13.4052,87.442127,13.131929,100.66601,107.126023,114.615487,True
2027-01-14,13.75,13.396,87.438455,13.131761,100.675223,107.132604,114.664948,True
2027-01-15,13.75,13.3867,87.434982,13.131485,100.684727,107.138785,114.714266,True
2027-01-16,13.75,13.3773,87.431709,13.131315,100.694544,107.14466,114.763446,True
2027-01-17,13.75,13.3679,87.42843,13.131139,100.70435,107.150042,114.812499,True
2027-01-18,13.75,13.3584,87.425357,13.130865,100.714161,107.154819,114.861416,True
2027-01-19,13.75,13.349,87.422283,13.130494,100.723967,107.159195,114.910212,True
2027-01-20,13.75,13.3396,87.419212,13.130117,100.733579,107.162975,114.958887,True
2027-01-21,13.75,13.3302,87.416135,13.129648,100.742885,107.166153,115.007441,True
2027-01-22,13.75,13.3209,87.412961,13.129176,100.75199,107.168734,115.055886,True
2027-01-23,13.75,13.3117,87.409691,13.128602,100.760705,107.170911,115.10423,True
2027-01-24,13.75,13.3026,87.406413,13.12793,100.769015,107.172491,115.152473,True
2027-01-25,13.75,13.2936,87.40294,13.127156,100.776827,107.173568,115.20063,True
2027-01-26,13.75,13.2848,87.39937,13.126384,100.78413,107.174148,115.248711,True
2027-01-27,13.75,13.2763,87.395696,13.125512,100.790943,107.174427,115.29672,True
2027-01-28,13.75,13.2679,87.391818,13.124537,100.797255,107.174405,115.344664,True
2027-01-29,13.75,13.2598,87.387845,13.123566,100.802961,107.174083,115.392564,True
2027-01-30,13.75,13.2519,87.383771,13.122494,100.808071,107.173661,115.44042,True
2027-01-31,13.75,13.2443,87.379597,13.121321,100.81278,107.173139,115.488249,True
2027-02-01,13.75,13.2371,87.375328,13.120047,100.816889,107.172619,115.536059,True
2027-02-02,13.75,13.2302,87.370951,13.118874,100.820498,107.172295,115.583863,True
2027-02-03,13.75,13.2236,87.366479,13.117598,100.823609,107.172172,115.631673,True
2027-02-04,13.75,13.2174,87.362005,13.116226,100.826423,107.172455,115.679497,True
2027-02-05,13.75,13.2117,87.357532,13.114953,100.828928,107.173132,115.727351,True
2027-02-06,13.75,13.2063,87.353054,13.113579,100.83104,107.174513,115.775248,True
2027-02-07,13.75,13.2015,87.348679,13.112306,100.833048,107.17659,115.823197,True
2027-02-08,13.75,13.1971,87.344405,13.111035,100.83486,107.179569,115.871218,True
2027-02-09,13.75,13.1932,87.340234,13.109764,100.836665,107.183448,115.919314,True
2027-02-10,13.75,13.1898,87.33626,13.108586,100.838477,107.188422,115.967503,True
2027-02-11,13.75,13.187,87.332483,13.107418,100.840388,107.194507,116.015797,True
2027-02-12,13.75,13.1848,87.329011,13.106343,100.842594,107.202084,116.064208,True
2027-02-13,13.75,13.1832,87.325834,13.105371,100.845105,107.210961,116.112746,True
2027-02-14,13.75,13.1822,87.323063,13.104599,100.848014,107.221338,116.161426,True
2027-02-15,13.5,13.285,87.32059,13.103823,100.851424,107.233418,116.210257,True
2027-02-16,13.5,13.2842,87.318615,13.103154,100.855435,107.247099,116.259256,True
2027-02-17,13.5,13.2817,87.317041,13.102682,100.860138,107.262574,116.308425,True
2027-02-18,13.5,13.2777,87.316067,13.102407,100.86565,107.279856,116.357782,True
2027-02-19,13.5,13.2722,87.315595,13.102232,100.872058,107.299135,116.407332,True
2027-02-20,13.5,13.2654,87.315719,13.102161,100.879474,107.320213,116.457092,True
2027-02-21,13.5,13.2574,87.316445,13.102388,100.88788,107.343393,116.507065,True
2027-02-22,13.5,13.2483,87.317771,13.102717,100.897291,107.368473,116.557263,True
2027-02-23,13.5,13.2381,87.319798,13.10334,100.907998,107.395647,116.607695,True
2027-02-24,13.5,13.227,87.322523,13.104068,100.919907,107.424726,116.658365,True
2027-02-25,13.5,13.215,87.325948,13.104997,100.933119,107.455907,116.709289,True
2027-02-26,13.5,13.2023,87.330174,13.106223,100.947524,107.488985,116.760457,True
2027-02-27,13.5,13.1889,87.335102,13.10755,100.963432,107.523963,116.811889,True
2027-02-28,13.5,13.175,87.34073,13.109077,100.980645,107.560941,116.863586,True
2027-03-01,13.5,13.1607,87.347053,13.110907,100.999157,107.599619,116.915555,True
2027-03-02,13.5,13.146,87.354181,13.11283,101.019167,107.640199,116.967798,True
2027-03-03,13.5,13.1311,87.362005,13.115057,101.040573,107.682379,117.020314,True
2027-03-04,13.5,13.116,87.37053,13.117386,101.063283,107.726154,117.073109,True
2027-03-05,13.5,13.1009,87.379758,13.119911,101.087292,107.771331,117.126184,True
2027-03-06,13.5,13.0858,87.389683,13.122639,101.112604,107.818016,117.179542,True
2027-03-07,13.5,13.0709,87.400207,13.125565,101.139208,107.865891,117.233182,True
2027-03-08,13.5,13.0562,87.411435,13.128594,101.16702,107.914971,117.287095,True
2027-03-09,13.5,13.0419,87.423162,13.131819,101.196031,107.965151,117.34129,True
2027-03-10,13.5,13.028,87.435588,13.135147,101.22604,108.016128,117.395757,True
2027-03-11,13.5,13.0146,87.448413,13.138578,101.257045,108.067907,117.450499,True
2027-03-12,13.5,13.0019,87.461741,13.142103,101.28906,108.120283,117.505509,True
2027-03-13,13.5,12.9899,87.475464,13.145833,101.321768,108.173264,117.560778,True
2027-03-14,13.5,12.9788,87.48959,13.149556,101.355377,108.226541,117.616303,True
2027-03-15,13.5,12.9686,87.504118,13.153385,101.389488,108.280123,117.672078,True
2027-03-16,13.5,12.9595,87.518944,13.15721,101.424299,108.3337,117.728094,True
2027-03-17,13.5,12.9515,87.53397,13.161137,101.459505,108.387377,117.784343,True
2027-03-18,13.5,12.9447,87.549195,13.165065,101.495014,108.440857,117.840815,True
2027-03-19,13.5,12.9392,87.564623,13.169092,101.530926,108.494136,117.897505,True
2027-03-20,13.5,12.9352,87.580251,13.17302,101.566938,108.547113,117.954396,True
2027-03-21,13.5,12.9327,87.595873,13.176946,101.603044,108.599592,118.011477,True
2027-03-22,13.0,12.785,87.611502,13.180975,101.639152,108.651572,118.068735,True
2027-03-23,13.0,12.7844,87.627124,13.184799,101.675265,108.702953,118.126163,True
2027-03-24,13.0,12.7828,87.642852,13.188728,101.711175,108.753632,118.183739,True
2027-03-25,13.0,12.7801,87.658382,13.192556,101.746882,108.803507,118.241459,True
2027-03-26,13.0,12.7764,87.673902,13.196379,101.78229,108.852688,118.299299,True
2027-03-27,13.0,12.7718,87.689331,13.200107,101.817401,108.901062,118.357246,True
2027-03-28,13.0,12.7663,87.70456,13.203735,101.852114,108.948545,118.415291,True
2027-03-29,13.0,12.76,87.719684,13.207366,101.886419,108.99532,118.473404,True
2027-03-30,13.0,12.7529,87.73461,13.210891,101.920331,109.0411,118.531573,True
2027-03-31,13.0,12.7451,87.749433,13.214318,101.953838,109.086179,118.589789,True
2027-04-01,13.0,12.7366,87.764062,13.217746,101.986849,109.130357,118.648024,True
2027-04-02,13.0,12.7275,87.778587,13.221071,102.019456,109.173835,118.70626,True
2027-04-03,13.0,12.7179,87.792911,13.224302,102.051668,109.216617,118.764483,True
2027-04-04,13.0,12.7077,87.807137,13.227522,102.083473,109.258693,118.822669,True
2027-04-05,13.0,12.6971,87.821163,13.230653,102.114984,109.300175,118.880796,True
2027-04-06,13.0,12.6861,87.83519,13.233778,102.146096,109.341154,118.938859,True
2027-04-07,13.0,12.6747,87.849117,13.236905,102.177007,109.381632,118.99682,True
2027-04-08,13.0,12.6631,87.863043,13.239934,102.207815,109.421808,119.054666,True
2027-04-09,13.0,12.6512,87.876871,13.24296,102.238426,109.461689,119.11238,True
2027-04-10,13.0,12.6391,87.890797,13.245988,102.269035,109.501368,119.169938,True
2027-04-11,13.0,12.6269,87.904718,13.249015,102.299743,109.541049,119.227311,True
2027-04-12,13.0,12.6146,87.918748,13.252042,102.330551,109.580728,119.284493,True
2027-04-13,13.0,12.6023,87.932974,13.255166,102.361561,109.620506,119.341458,True
2027-04-14,13.0,12.59,87.947297,13.258298,102.39297,109.66048,119.398181,True
2027-04-15,13.0,12.5778,87.961927,13.261426,102.424783,109.700766,119.454639,True
2027-04-16,13.0,12.5657,87.976754,13.264653,102.457189,109.741436,119.510829,True
2027-04-17,13.0,12.5538,87.991976,13.267877,102.490203,109.782621,119.566711,True
2027-04-18,13.0,12.5422,88.007404,13.271304,102.524009,109.824297,119.622268,True
2027-04-19,13.0,12.5308,88.023327,13.274731,102.558622,109.866676,119.677495,True
2027-04-20,13.0,12.5198,88.039656,13.278359,102.59413,109.909757,119.732352,True
2027-04-21,13.0,12.5092,88.056382,13.282084,102.630737,109.953634,119.786834,True
2027-04-22,13.0,12.499,88.073607,13.285813,102.668345,109.998212,119.840919,True
2027-04-23,13.0,12.4894,88.091335,13.289841,102.707154,110.043688,119.894581,True
2027-04-24,13.0,12.4803,88.109557,13.293867,102.747268,110.090069,119.947808,True
2027-04-25,13.0,12.4718,88.128386,13.298095,102.788678,110.137249,120.000585,True
2027-04-26,13.0,12.464,88.147713,13.302422,102.831386,110.185327,120.052887,True
2027-04-27,13.0,12.4569,88.167642,13.306951,102.875493,110.234305,120.104705,True
2027-04-28,13.0,12.4506,88.188163,13.311577,102.9211,110.284185,120.156014,True
2027-04-29,13.0,12.4451,88.209291,13.316401,102.968015,110.334862,120.20681,True
2027-04-30,13.0,12.4405,88.231013,13.32133,103.016523,110.386242,120.257065,True
2027-05-01,13.0,12.4368,88.253243,13.326357,103.066333,110.438418,120.306771,True
2027-05-02,13.0,12.4341,88.27607,13.331585,103.117641,110.4913,120.355915,True
2027-05-03,13.0,12.4325,88.299395,13.336812,103.170354,110.544678,120.404481,True
2027-05-04,12.5,12.285,88.323223,13.342237,103.224363,110.598554,120.452458,True
2027-05-05,12.5,12.2844,88.347548,13.347766,103.279771,110.652937,120.499835,True
2027-05-06,12.5,12.2827,88.372272,13.35339,103.336282,110.707513,120.546603,True
2027-05-07,12.5,12.2799,88.397398,13.359119,103.393995,110.762295,120.592746,True
2027-05-08,12.5,12.276,88.422927,13.364944,103.452702,110.817169,120.638256,True
2027-05-09,12.5,12.2712,88.448653,13.370774,103.51231,110.872049,120.683126,True
2027-05-10,12.5,12.2654,88.474776,13.376601,103.572817,110.926627,120.727346,True
2027-05-11,12.5,12.2588,88.501002,13.382523,103.634028,110.980907,120.770909,True
2027-05-12,12.5,12.2514,88.527331,13.388359,103.695838,111.034784,120.813808,True
2027-05-13,12.5,12.2433,88.553856,13.39428,103.75805,111.088063,120.856041,True
2027-05-14,12.5,12.2345,88.580282,13.40011,103.820556,111.140644,120.897601,True
2027-05-15,12.5,12.225,88.606709,13.405937,103.883166,111.192322,120.938483,True
2027-05-16,12.5,12.215,88.632936,13.411662,103.945774,111.243102,120.978686,True
2027-05-17,12.5,12.2045,88.658957,13.417294,104.008187,111.292677,121.018205,True
2027-05-18,12.5,12.1935,88.684787,13.422717,104.070295,111.341055,121.057037,True
2027-05-19,12.5,12.1821,88.710211,13.428149,104.131801,111.388134,121.095189,True
2027-05-20,12.5,12.1703,88.735338,13.433372,104.192611,111.433816,121.13265,True
2027-05-21,12.5,12.1583,88.759963,13.438503,104.252625,111.477892,121.169431,True
2027-05-22,12.5,12.146,88.783991,13.443425,104.311631,111.52037,121.205524,True
2027-05-23,12.5,12.1336,88.807517,13.448052,104.369442,111.561252,121.240941,True
2027-05-24,12.5,12.1211,88.830243,13.452581,104.42595,111.600227,121.275681,True
2027-05-25,12.5,12.1084,88.852367,13.456907,104.481059,111.637505,121.309743,True
2027-05-26,12.5,12.0958,88.873791,13.460934,104.534467,111.672886,121.343142,True
2027-05-27,12.5,12.0833,88.894321,13.464761,104.586181,111.706466,121.375873,True
2027-05-28,12.5,12.0709,88.914045,13.468287,104.636087,111.738246,121.407946,True
2027-05-29,12.5,12.0586,88.932871,13.471614,104.684098,111.768022,121.439368,True
2027-05-30,12.5,12.0466,88.950799,13.474642,104.729907,111.7961,121.470146,True
2027-05-31,12.5,12.0348,88.967824,13.477366,104.773715,111.822277,121.500289,True
2027-06-01,12.5,12.0234,88.983852,13.479894,104.815327,111.84676,121.529804,True
2027-06-02,12.5,12.0124,88.998974,13.482125,104.854634,111.869635,121.5587,True
2027-06-03,12.5,12.0019,89.013102,13.484052,104.891745,111.890813,121.586983,True
2027-06-04,12.5,11.9919,89.026228,13.485779,104.926457,111.910497,121.614667,True
2027-06-05,12.5,11.9824,89.038454,13.487205,104.958961,111.928872,121.641763,True
2027-06-06,12.5,11.9736,89.049679,13.488334,104.989072,111.945852,121.668278,True
2027-06-07,12.5,11.9655,89.060003,13.489361,105.016979,111.96173,121.694227,True
2027-06-08,12.5,11.9581,89.069432,13.490087,105.042592,111.976608,121.71962,True
2027-06-09,12.5,11.9515,89.078061,13.490518,105.066,111.990689,121.74447,True
2027-06-10,12.5,11.9457,89.085784,13.490844,105.087308,112.003967,121.76879,True
2027-06-11,12.5,11.9409,89.092713,13.49097,105.10662,112.016745,121.792586,True
2027-06-12,12.5,11.937,89.098937,13.490996,105.123929,112.029121,121.815882,True
2027-06-13,12.5,11.9342,89.104461,13.490721,105.139441,112.041398,121.838679,True
2027-06-14,12.5,11.9325,89.109287,13.490446,105.153146,112.053577,121.860993,True
2027-06-15,12.0,11.785,89.113616,13.489974,105.165356,112.065859,121.882844,True
2027-06-16,12.0,11.7845,89.117538,13.489504,105.176164,112.078533,121.904241,True
2027-06-17,12.0,11.7832,89.120867,13.488929,105.185577,112.091714,121.925191,True
2027-06-18,12.0,11.781,89.123995,13.488259,105.193887,112.105595,121.945715,True
2027-06-19,12.0,11.7781,89.126721,13.487684,105.201294,112.120271,121.965825,True
2027-06-20,12.0,11.7743,89.129243,13.487009,105.207806,112.135951,121.985529,True
2027-06-21,12.0,11.7698,89.131673,13.486438,105.213712,112.152831,122.004843,True
2027-06-22,12.0,11.7647,89.134102,13.485865,105.219221,112.171109,122.023789,True
2027-06-23,12.0,11.7588,89.136423,13.485291,105.224433,112.190785,122.042359,True
2027-06-24,12.0,11.7524,89.138949,13.484921,105.229542,112.212067,122.060582,True
2027-06-25,12.0,11.7454,89.141576,13.484647,105.234749,112.235043,122.07847,True
2027-06-26,12.0,11.7379,89.144502,13.484473,105.240162,112.259822,122.096023,True
2027-06-27,12.0,11.7298,89.147626,13.484406,105.246071,112.2866,122.113257,True
2027-06-28,12.0,11.7213,89.151252,13.484527,105.252577,112.315379,122.13019,True
2027-06-29,12.0,11.7124,89.155281,13.484855,105.25989,112.346259,122.146827,True
2027-06-30,12.0,11.7031,89.159804,13.485379,105.267996,112.379236,122.163176,True
2027-07-01,12.0,11.6935,89.164831,13.486108,105.277208,112.414418,122.179254,True
2027-07-02,12.0,11.6835,89.17046,13.487036,105.287619,112.451694,122.19506,True
2027-07-03,12.0,11.6733,89.176783,13.488261,105.299324,112.491274,122.210613,True
2027-07-04,12.0,11.6628,89.183809,13.489592,105.312435,112.533051,122.225914,True
2027-07-05,12.0,11.6522,89.191534,13.491316,105.327046,112.576929,122.240978,True
2027-07-06,12.0,11.6414,89.199961,13.493249,105.343255,112.623009,122.255803,True
2027-07-07,12.0,11.6305,89.20919,13.495374,105.361063,112.67109,122.270406,True
2027-07-08,12.0,11.6195,89.219215,13.497799,105.380673,112.721163,122.284786,True
2027-07-09,12.0,11.6084,89.22994,13.500429,105.402084,112.773245,122.298943,True
2027-07-10,12.0,11.5974,89.241562,13.503352,105.425191,112.827124,122.312896,True
2027-07-11,12.0,11.5864,89.253892,13.50648,105.4501,112.882603,122.326638,True
2027-07-12,12.0,11.5755,89.26702,13.509807,105.476807,112.939782,122.340178,True
2027-07-13,12.0,11.5647,89.280843,13.513433,105.505319,112.998358,122.353513,True
2027-07-14,12.0,11.5541,89.295369,13.517263,105.53553,113.058138,122.366657,True
2027-07-15,12.0,11.5436,89.310598,13.521289,105.567441,113.119116,122.379597,True
2027-07-16,12.0,11.5334,89.326522,13.525416,105.60095,113.181093,122.392341,True
2027-07-17,12.0,11.5234,89.343048,13.529844,105.636057,113.243774,122.404888,True
2027-07-18,12.0,11.5138,89.360074,13.53437,105.672669,113.307154,122.417238,True
2027-07-19,12.0,11.5045,89.377601,13.538996,105.710578,113.370932,122.429392,True
2027-07-20,12.0,11.4956,89.395528,13.543824,105.749688,113.43491,122.441344,True
2027-07-21,12.0,11.4871,89.413854,13.548752,105.789996,113.49899,122.453096,True
2027-07-22,12.0,11.479,89.432477,13.553675,105.831403,113.562864,122.464636,True
2027-07-23,12.0,11.4715,89.451305,13.558706,105.873615,113.626445,122.47597,True
2027-07-24,12.0,11.4645,89.437628,13.556531,105.864524,113.620423,122.483923,True
2027-07-25,12.0,11.4581,89.423955,13.55436,105.855434,113.614405,122.491871,True
2027-07-26,12.0,11.4522,89.410283,13.552184,105.846343,113.608379,122.499822,True
2027-07-27,12.0,11.4471,89.396607,13.550014,105.837254,113.602365,122.507772,True
2027-07-28,12.0,11.4426,89.382933,13.547842,105.828159,113.596339,122.515725,True
2027-07-29,12.0,11.4388,89.369261,13.545666,105.819074,113.590319,122.523669,True
2027-07-30,12.0,11.4359,89.355588,13.543495,105.809984,113.584293,122.531624,True
2027-07-31,12.0,11.4337,89.341912,13.541322,105.800892,113.578276,122.539571,True
2027-08-01,12.0,11.4324,89.328241,13.53915,105.791804,113.572253,122.547522,True
2027-08-02,11.5,11.285,89.31457,13.536977,105.782708,113.566233,122.555476,True
2027-08-03,11.5,11.2844,89.300893,13.534805,105.773621,113.56021,122.563422,True
2027-08-04,11.5,11.2827,89.287217,13.532628,105.764528,113.554188,122.571374,True
2027-08-05,11.5,11.2799,89.273542,13.530457,105.755439,113.548169,122.579326,True
2027-08-06,11.5,11.276,89.259869,13.528285,105.746349,113.542148,122.587276,True
2027-08-07,11.5,11.2712,89.246197,13.526112,105.737259,113.536125,122.595225,True
2027-08-08,11.5,11.2654,89.232521,13.523941,105.728168,113.530102,122.603177,True
2027-08-09,11.5,11.2588,89.218849,13.521766,105.719075,113.524084,122.611122,True
2027-08-10,11.5,11.2514,89.205174,13.519596,105.709991,113.518058,122.619075,True
2027-08-11,11.5,11.2433,89.191502,13.517422,105.700897,113.512042,122.627027,True
2027-08-12,11.5,11.2345,89.177827,13.515248,105.691805,113.506018,122.634978,True
2027-08-13,11.5,11.225,89.164155,13.513074,105.682713,113.499998,122.642926,True
2027-08-14,11.5,11.215,89.150479,13.510902,105.673623,113.493975,122.650878,True
2027-08-15,11.5,11.2045,89.136804,13.508728,105.664534,113.487955,122.658829,True
2027-08-16,11.5,11.1935,89.123131,13.506556,105.655442,113.481932,122.66678,True
2027-08-17,11.5,11.1821,89.109454,13.504383,105.64635,113.47591,122.674729,True
2027-08-18,11.5,11.1703,89.095785,13.502208,105.637263,113.469889,122.682678,True
2027-08-19,11.5,11.1583,89.08211,13.500037,105.628172,113.46387,122.690628,True
2027-08-20,11.5,11.146,89.068434,13.497863,105.61908,113.457847,122.698578,True
2027-08-21,11.5,11.1336,89.054761,13.495691,105.60999,113.451827,122.70653,True
2027-08-22,11.5,11.1211,89.041085,13.493516,105.6009,113.445802,122.714481,True
2027-08-23,11.5,11.1084,89.027414,13.491344,105.591808,113.439786,122.722429,True
2027-08-24,11.5,11.0958,89.013738,13.489171,105.582717,113.433762,122.730381,True
2027-08-25,11.5,11.0833,89.000065,13.486998,105.573628,113.427741,122.73833,True
2027-08-26,11.5,11.0709,88.986388,13.484828,105.564536,113.42172,122.746282,True
2027-08-27,11.5,11.0586,88.972714,13.482653,105.555445,113.415696,122.754233,True
2027-08-28,11.5,11.0466,88.959044,13.480483,105.546354,113.409677,122.762183,True
2027-08-29,11.5,11.0348,88.945372,13.478314,105.537264,113.403653,122.770132,True
2027-08-30,11.5,11.0234,88.931695,13.476135,105.528171,113.397633,122.778083,True
2027-08-31,11.5,11.0124,88.918019,13.473966,105.519083,113.39161,122.786033,True
2027-09-01,11.5,11.0019,88.904347,13.47179,105.509994,113.38559,122.793985,True
2027-09-02,11.5,10.9919,88.890672,13.469617,105.500901,113.379569,122.801934,True
2027-09-03,11.5,10.9824,88.877001,13.467445,105.491812,113.373548,122.809883,True
2027-09-04,11.5,10.9736,88.863325,13.46527,105.482718,113.367528,122.817834,True
2027-09-05,11.5,10.9655,88.849649,13.463097,105.473628,113.361506,122.825782,True
2027-09-06,11.5,10.9581,88.83598,13.460926,105.464537,113.355484,122.833739,True
2027-09-07,11.5,10.9515,88.822302,13.458752,105.455449,113.349461,122.841686,True
2027-09-08,11.5,10.9457,88.80863,13.456579,105.446356,113.343441,122.849635,True
2027-09-09,11.5,10.9409,88.794957,13.454406,105.437267,113.337422,122.857586,True
2027-09-10,11.5,10.937,88.781283,13.45223,105.428177,113.331397,122.865536,True
2027-09-11,11.5,10.9342,88.778906,13.451796,105.428743,113.33063,122.868255,True
2027-09-12,11.5,10.9325,88.776528,13.451362,105.429311,113.329862,122.870975,True
2027-09-13,11.0,10.785,88.774156,13.450927,105.429876,113.329097,122.873693,True
2027-09-14,11.0,10.7844,88.771781,13.450491,105.430439,113.328328,122.876412,True
2027-09-15,11.0,10.7827,88.769404,13.450053,105.431009,113.327563,122.879134,True
2027-09-16,11.0,10.7799,88.76703,13.449618,105.431572,113.326794,122.881852,True
2027-09-17,11.0,10.776,88.764655,13.449182,105.43214,113.326026,122.884572,True
2027-09-18,11.0,10.7712,88.762278,13.448746,105.432705,113.325261,122.887291,True
2027-09-19,11.0,10.7654,88.759903,13.448309,105.433272,113.324492,122.890011,True
2027-09-20,11.0,10.7588,88.757528,13.447875,105.433836,113.323722,122.892731,True
2027-09-21,11.0,10.7514,88.755151,13.447439,105.434401,113.322956,122.895449,True
2027-09-22,11.0,10.7433,88.752776,13.447001,105.434969,113.322189,122.89817,True
2027-09-23,11.0,10.7345,88.750401,13.446567,105.435537,113.321422,122.900889,True
2027-09-24,11.0,10.725,88.748026,13.446131,105.4361,113.320653,122.903605,True
2027-09-25,11.0,10.715,88.745648,13.445694,105.436665,113.319889,122.906327,True
2027-09-26,11.0,10.7045,88.743273,13.445258,105.437232,113.319119,122.909045,True
2027-09-27,11.0,10.6935,88.7409,13.444823,105.437798,113.318351,122.911767,True
2027-09-28,11.0,10.6821,88.738524,13.444388,105.438364,113.317586,122.914486,True
2027-09-29,11.0,10.6703,88.736147,13.443953,105.438931,113.316816,122.917206,True
2027-09-30,11.0,10.6583,88.733954,13.443591,105.440533,113.315461,122.919074,True
2027-10-01,11.0,10.646,88.731655,13.443235,105.441331,113.312839,122.920842,True
2027-10-02,11.0,10.6336,88.726975,13.442593,105.438887,113.307791,122.922693,True
2027-10-03,11.0,10.6211,88.721245,13.441722,105.43512,113.300515,122.924277,True
2027-10-04,11.0,10.6084,88.715515,13.440851,105.431353,113.293239,122.92586,True
2027-10-05,11.0,10.5958,88.709784,13.439979,105.427585,113.285963,122.927444,True
2027-10-06,11.0,10.5833,88.704393,13.439124,105.422658,113.281183,122.92914,True
2027-10-07,11.0,10.5709,88.702864,13.43884,105.420301,113.280624,122.930206,True
2027-10-08,11.0,10.5586,88.703378,13.438945,105.419638,113.281571,122.931298,True
2027-10-09,11.0,10.5466,88.703891,13.439049,105.418976,113.282518,122.932389,True
2027-10-10,11.0,10.5348,88.704404,13.439153,105.418314,113.283465,122.93348,True
2027-10-11,11.0,10.5234,88.704918,13.439257,105.417651,113.284412,122.934572,True
2027-10-12,11.0,10.5124,88.705431,13.439361,105.416989,113.285358,122.935663,True
2027-10-13,11.0,10.5019,88.705944,13.439466,105.416327,113.286305,122.936754,True
2027-10-14,11.0,10.4919,88.706458,13.43957,105.415664,113.287252,122.937846,True
2027-10-15,11.0,10.4824,88.706971,13.439674,105.415002,113.288199,122.938937,True
2027-10-16,11.0,10.4736,88.707484,13.439778,105.414339,113.289145,122.940028,True
2027-10-17,11.0,10.4655,88.707998,13.439883,105.413677,113.290092,122.941119,True
2027-10-18,11.0,10.4581,88.708511,13.439987,105.413015,113.291039,122.942211,True
2027-10-19,11.0,10.4515,88.709024,13.440091,105.412352,113.291986,122.943302,True
2027-10-20,11.0,10.4457,88.709538,13.440195,105.41169,113.292933,122.944393,True
2027-10-21,11.0,10.4409,88.710051,13.4403,105.411028,113.293879,122.945485,True
2027-10-22,11.0,10.437,88.710565,13.440404,105.410365,113.294826,122.946576,True
2027-10-23,11.0,10.4342,88.711078,13.440508,105.409703,113.295773,122.947667,True
2027-10-24,11.0,10.4325,88.711591,13.440612,105.409041,113.29672,122.948759,True
2027-10-25,10.5,10.285,88.712105,13.440716,105.408378,113.297666,122.94985,True
2027-10-26,10.5,10.2847,88.712618,13.440821,105.407716,113.298613,122.950941,True
2027-10-27,10.5,10.2837,88.713131,13.440925,105.407053,113.29956,122.952033,True
2027-10-28,10.5,10.2821,88.713645,13.441029,105.406391,113.300507,122.953124,True
2027-10-29,10.5,10.2799,88.714158,13.441133,105.405729,113.301453,122.954215,True
2027-10-30,10.5,10.2771,88.714671,13.441238,105.405066,113.3024,122.955307,True
2027-10-31,10.5,10.2737,88.715185,13.441342,105.404404,113.303347,122.956398,True
2027-11-01,10.5,10.2698,88.715698,13.441446,105.403742,113.304294,122.957489,True
2027-11-02,10.5,10.2654,88.716212,13.44155,105.403079,113.305241,122.95858,True
2027-11-03,10.5,10.2606,88.716725,13.441655,105.402417,113.306187,122.959672,True
2027-11-04,10.5,10.2552,88.717238,13.441759,105.401755,113.307134,122.960763,True
2027-11-05,10.5,10.2495,88.717752,13.441863,105.401092,113.308081,122.961854,True
2027-11-06,10.5,10.2433,88.718265,13.441967,105.40043,113.309028,122.962946,True
2027-11-07,10.5,10.2367,88.718778,13.442071,105.399767,113.309974,122.964037,True
2027-11-08,10.5,10.2298,88.719292,13.442176,105.399105,113.310921,122.965128,True
2027-11-09,10.5,10.2226,88.719805,13.44228,105.398443,113.311868,122.96622,True
2027-11-10,10.5,10.215,88.720318,13.442384,105.39778,113.312815,122.967311,True
2027-11-11,10.5,10.2071,88.720832,13.442488,105.397118,113.313761,122.968402,True
2027-11-12,10.5,10.199,88.721345,13.442593,105.396456,113.314708,122.969494,True
2027-11-13,10.5,10.1906,88.721859,13.442697,105.395793,113.315655,122.970585,True
2027-11-14,10.5,10.1821,88.722372,13.442801,105.395131,113.316602,122.971676,True
2027-11-15,10.5,10.1733,88.722885,13.442905,105.394469,113.317549,122.972768,True
2027-11-16,10.5,10.1643,88.723399,13.44301,105.393806,113.318495,122.973859,True
2027-11-17,10.5,10.1552,88.723912,13.443114,105.393144,113.319442,122.97495,True
2027-11-18,10.5,10.146,88.724425,13.443218,105.392482,113.320389,122.976041,True
2027-11-19,10.5,10.1367,88.724939,13.443322,105.391819,113.321336,122.977133,True
2027-11-20,10.5,10.1273,88.725452,13.443427,105.391157,113.322282,122.978224,True
2027-11-21,10.5,10.1179,88.725965,13.443531,105.390494,113.323229,122.979315,True
2027-11-22,10.5,10.1084,88.726479,13.443635,105.389832,113.324176,122.980407,True
2027-11-23,10.5,10.099,88.726992,13.443739,105.38917,113.325123,122.981498,True
2027-11-24,10.5,10.0896,88.727506,13.443843,105.388507,113.326069,122.982589,True
2027-11-25,10.5,10.0802,88.728019,13.443948,105.387845,113.327016,122.983681,True
2027-11-26,10.5,10.0709,88.728532,13.444052,105.387183,113.327963,122.984772,True
2027-11-27,10.5,10.0617,88.729046,13.444156,105.38652,113.32891,122.985863,True
2027-11-28,10.5,10.0526,88.729559,13.44426,105.385858,113.329857,122.986955,True
2027-11-29,10.5,10.0436,88.730072,13.444365,105.385196,113.330803,122.988046,True
2027-11-30,10.5,10.0348,88.730586,13.444469,105.384533,113.33175,122.989137,True
2027-12-01,10.5,10.0263,88.731099,13.444573,105.383871,113.332697,122.990229,True
2027-12-02,10.5,10.0179,88.731612,13.444677,105.383208,113.333644,122.99132,True
2027-12-03,10.5,10.0098,88.732126,13.444782,105.382546,113.33459,122.992411,True
2027-12-04,10.5,10.0019,88.732639,13.444886,105.381884,113.335537,122.993503,True
2027-12-05,10.5,9.9943,88.733153,13.44499,105.381221,113.336484,122.994594,True
2027-12-06,10.5,9.9871,88.733666,13.445094,105.380559,113.337431,122.995685,True
2027-12-07,10.5,9.9802,88.734179,13.445198,105.379897,113.338378,122.996776,True
2027-12-08,10.5,9.9736,88.734693,13.445303,105.379234,113.339324,122.997868,True
2027-12-09,10.5,9.9674,88.735206,13.445407,105.378572,113.340271,122.998959,True
2027-12-10,10.5,9.9617,88.735719,13.445511,105.37791,113.341218,123.00005,True
2027-12-11,10.5,9.9563,88.736233,13.445615,105.377247,113.342165,123.001142,True
2027-12-12,10.5,9.9515,88.736746,13.44572,105.376585,113.343111,123.002233,True
2027-12-13,10.5,9.9471,88.737259,13.445824,105.375922,113.344058,123.003324,True
2027-12-14,10.5,9.9432,88.737773,13.445928,105.37526,113.345005,123.004416,True
2027-12-15,10.5,9.9398,88.738286,13.446032,105.374598,113.345952,123.005507,True
2027-12-16,10.5,9.937,88.7388,13.446137,105.373935,113.346898,123.006598,True
2027-12-17,10.5,9.9348,88.739313,13.446241,105.373273,113.347845,123.00769,True
2027-12-18,10.5,9.9332,88.739826,13.446345,105.372611,113.348792,123.008781,True
2027-12-19,10.5,9.9322,88.74034,13.446449,105.371948,113.349739,123.009872,True
2027-12-20,10.0,9.785,88.740853,13.446553,105.371286,113.350686,123.010964,True
2027-12-21,10.0,9.7849,88.741366,13.446658,105.370624,113.351632,123.012055,True
2027-12-22,10.0,9.7846,88.74188,13.446762,105.369961,113.352579,123.013146,True
2027-12-23,10.0,9.784,88.742393,13.446866,105.369299,113.353526,123.014237,True
2027-12-24,10.0,9.7833,88.742906,13.44697,105.368637,113.354473,123.015329,True
2027-12-25,10.0,9.7824,88.74342,13.447075,105.367974,113.355419,123.01642,True
2027-12-26,10.0,9.7814,88.743933,13.447179,105.367312,113.356366,123.017511,True
2027-12-27,10.0,9.7801,88.744447,13.447283,105.366649,113.357313,123.018603,True
2027-12-28,10.0,9.7787,88.74496,13.447387,105.365987,113.35826,123.019694,True
2027-12-29,10.0,9.7772,88.745473,13.447492,105.365325,113.359206,123.020785,True
2027-12-30,10.0,9.7755,88.745987,13.447596,105.364662,113.360153,123.021877,True
2027-12-31,10.0,9.7737,88.7465,13.4477,105.364,113.3611,123.022968,True
